NAME,County,State,State_abb,Cases,Deaths,Population,case_fatality,death_rate,case_rate
"Statewide Unallocated, Illinois",Statewide Unallocated,Illinois,IL,41,0,0,0,NA,NA
"Adams County, Illinois",Adams County,Illinois,IL,286,1,65435,0.35,1.528,437.075
"Alexander County, Illinois",Alexander County,Illinois,IL,32,0,5761,0,0,555.459
"Bond County, Illinois",Bond County,Illinois,IL,29,1,16426,3.448,6.088,176.549
"Boone County, Illinois",Boone County,Illinois,IL,663,21,53544,3.167,39.22,1238.234
"Brown County, Illinois",Brown County,Illinois,IL,11,0,6578,0,0,167.224
"Bureau County, Illinois",Bureau County,Illinois,IL,62,2,32628,3.226,6.13,190.021
"Calhoun County, Illinois",Calhoun County,Illinois,IL,3,0,4739,0,0,63.304
"Carroll County, Illinois",Carroll County,Illinois,IL,24,2,14305,8.333,13.981,167.774
"Cass County, Illinois",Cass County,Illinois,IL,160,11,12147,6.875,90.557,1317.198
"Champaign County, Illinois",Champaign County,Illinois,IL,1293,17,209689,1.315,8.107,616.627
"Christian County, Illinois",Christian County,Illinois,IL,60,4,32304,6.667,12.382,185.736
"Clark County, Illinois",Clark County,Illinois,IL,50,0,15441,0,0,323.813
"Clay County, Illinois",Clay County,Illinois,IL,9,0,13184,0,0,68.265
"Clinton County, Illinois",Clinton County,Illinois,IL,278,17,37562,6.115,45.259,740.11
"Coles County, Illinois",Coles County,Illinois,IL,261,17,50621,6.513,33.583,515.596
"Cook County, Illinois",Cook County,Illinois,IL,100124,4801,5150233,4.795,93.219,1944.067
"Crawford County, Illinois",Crawford County,Illinois,IL,26,0,18667,0,0,139.283
"Cumberland County, Illinois",Cumberland County,Illinois,IL,36,1,10766,2.778,9.289,334.386
"DeKalb County, Illinois",DeKalb County,Illinois,IL,728,24,104897,3.297,22.88,694.014
"De Witt County, Illinois",De Witt County,Illinois,IL,24,0,15638,0,0,153.472
"Douglas County, Illinois",Douglas County,Illinois,IL,89,0,19465,0,0,457.231
"DuPage County, Illinois",DuPage County,Illinois,IL,10531,500,922921,4.748,54.176,1141.051
"Edgar County, Illinois",Edgar County,Illinois,IL,18,0,17161,0,0,104.889
"Edwards County, Illinois",Edwards County,Illinois,IL,6,0,6395,0,0,93.823
"Effingham County, Illinois",Effingham County,Illinois,IL,48,1,34008,2.083,2.94,141.143
"Fayette County, Illinois",Fayette County,Illinois,IL,39,3,21336,7.692,14.061,182.79
"Ford County, Illinois",Ford County,Illinois,IL,33,1,12961,3.03,7.715,254.61
"Franklin County, Illinois",Franklin County,Illinois,IL,79,0,38469,0,0,205.36
"Fulton County, Illinois",Fulton County,Illinois,IL,20,0,34340,0,0,58.241
"Gallatin County, Illinois",Gallatin County,Illinois,IL,23,0,4828,0,0,476.388
"Greene County, Illinois",Greene County,Illinois,IL,13,0,12969,0,0,100.239
"Grundy County, Illinois",Grundy County,Illinois,IL,226,5,51054,2.212,9.794,442.669
"Hamilton County, Illinois",Hamilton County,Illinois,IL,11,0,8116,0,0,135.535
"Hancock County, Illinois",Hancock County,Illinois,IL,22,1,17708,4.545,5.647,124.238
"Hardin County, Illinois",Hardin County,Illinois,IL,9,0,3821,0,0,235.54
"Henderson County, Illinois",Henderson County,Illinois,IL,8,0,6646,0,0,120.373
"Henry County, Illinois",Henry County,Illinois,IL,146,1,48913,0.685,2.044,298.489
"Iroquois County, Illinois",Iroquois County,Illinois,IL,201,5,27114,2.488,18.441,741.314
"Jackson County, Illinois",Jackson County,Illinois,IL,434,19,56750,4.378,33.48,764.758
"Jasper County, Illinois",Jasper County,Illinois,IL,49,7,9610,14.286,72.841,509.886
"Jefferson County, Illinois",Jefferson County,Illinois,IL,138,17,37684,12.319,45.112,366.203
"Jersey County, Illinois",Jersey County,Illinois,IL,56,1,21773,1.786,4.593,257.199
"Jo Daviess County, Illinois",Jo Daviess County,Illinois,IL,80,1,21235,1.25,4.709,376.737
"Johnson County, Illinois",Johnson County,Illinois,IL,42,0,12417,0,0,338.246
"Kane County, Illinois",Kane County,Illinois,IL,8481,293,532403,3.455,55.033,1592.966
"Kankakee County, Illinois",Kankakee County,Illinois,IL,1534,66,109862,4.302,60.075,1396.297
"Kendall County, Illinois",Kendall County,Illinois,IL,1151,21,128990,1.825,16.28,892.317
"Knox County, Illinois",Knox County,Illinois,IL,199,1,49699,0.503,2.012,400.41
"Lake County, Illinois",Lake County,Illinois,IL,11079,435,696535,3.926,62.452,1590.588
"LaSalle County, Illinois",LaSalle County,Illinois,IL,362,18,108669,4.972,16.564,333.122
"Lawrence County, Illinois",Lawrence County,Illinois,IL,30,0,15678,0,0,191.351
"Lee County, Illinois",Lee County,Illinois,IL,120,2,34096,1.667,5.866,351.947
"Livingston County, Illinois",Livingston County,Illinois,IL,63,2,35648,3.175,5.61,176.728
"Logan County, Illinois",Logan County,Illinois,IL,57,0,28618,0,0,199.175
"McDonough County, Illinois",McDonough County,Illinois,IL,119,15,29682,12.605,50.536,400.916
"McHenry County, Illinois",McHenry County,Illinois,IL,2559,110,307774,4.299,35.741,831.454
"McLean County, Illinois",McLean County,Illinois,IL,418,15,171517,3.589,8.745,243.708
"Macon County, Illinois",Macon County,Illinois,IL,288,22,104009,7.639,21.152,276.899
"Macoupin County, Illinois",Macoupin County,Illinois,IL,100,3,44926,3,6.678,222.588
"Madison County, Illinois",Madison County,Illinois,IL,1604,71,262966,4.426,27,609.965
"Marion County, Illinois",Marion County,Illinois,IL,97,0,37205,0,0,260.718
"Marshall County, Illinois",Marshall County,Illinois,IL,15,0,11438,0,0,131.142
"Mason County, Illinois",Mason County,Illinois,IL,36,0,13359,0,0,269.481
"Massac County, Illinois",Massac County,Illinois,IL,24,0,13772,0,0,174.267
"Menard County, Illinois",Menard County,Illinois,IL,36,0,12196,0,0,295.179
"Mercer County, Illinois",Mercer County,Illinois,IL,39,0,15437,0,0,252.64
"Monroe County, Illinois",Monroe County,Illinois,IL,205,13,34637,6.341,37.532,591.853
"Montgomery County, Illinois",Montgomery County,Illinois,IL,112,3,28414,2.679,10.558,394.172
"Morgan County, Illinois",Morgan County,Illinois,IL,146,5,33658,3.425,14.855,433.775
"Moultrie County, Illinois",Moultrie County,Illinois,IL,33,0,14501,0,0,227.571
"Ogle County, Illinois",Ogle County,Illinois,IL,345,5,50643,1.449,9.873,681.239
"Peoria County, Illinois",Peoria County,Illinois,IL,878,32,179179,3.645,17.859,490.013
"Perry County, Illinois",Perry County,Illinois,IL,73,1,20916,1.37,4.781,349.015
"Piatt County, Illinois",Piatt County,Illinois,IL,30,0,16344,0,0,183.554
"Pike County, Illinois",Pike County,Illinois,IL,9,0,15561,0,0,57.837
"Pope County, Illinois",Pope County,Illinois,IL,2,0,4177,0,0,47.881
"Pulaski County, Illinois",Pulaski County,Illinois,IL,88,0,5335,0,0,1649.485
"Putnam County, Illinois",Putnam County,Illinois,IL,3,0,5739,0,0,52.274
"Randolph County, Illinois",Randolph County,Illinois,IL,374,7,31782,1.872,22.025,1176.767
"Richland County, Illinois",Richland County,Illinois,IL,9,0,15513,0,0,58.016
"Rock Island County, Illinois",Rock Island County,Illinois,IL,1375,30,141879,2.182,21.145,969.136
"St. Clair County, Illinois",St. Clair County,Illinois,IL,2883,152,259686,5.272,58.532,1110.187
"Saline County, Illinois",Saline County,Illinois,IL,60,0,23491,0,0,255.417
"Sangamon County, Illinois",Sangamon County,Illinois,IL,717,33,194672,4.603,16.952,368.312
"Schuyler County, Illinois",Schuyler County,Illinois,IL,14,0,6768,0,0,206.856
"Scott County, Illinois",Scott County,Illinois,IL,4,0,4951,0,0,80.792
"Shelby County, Illinois",Shelby County,Illinois,IL,31,1,21634,3.226,4.622,143.293
"Stark County, Illinois",Stark County,Illinois,IL,7,0,5342,0,0,131.037
"Stephenson County, Illinois",Stephenson County,Illinois,IL,292,6,44498,2.055,13.484,656.209
"Tazewell County, Illinois",Tazewell County,Illinois,IL,243,8,131803,3.292,6.07,184.366
"Union County, Illinois",Union County,Illinois,IL,255,21,16653,8.235,126.103,1531.256
"Vermilion County, Illinois",Vermilion County,Illinois,IL,141,2,75758,1.418,2.64,186.119
"Wabash County, Illinois",Wabash County,Illinois,IL,25,0,11520,0,0,217.014
"Warren County, Illinois",Warren County,Illinois,IL,158,0,16844,0,0,938.019
"Washington County, Illinois",Washington County,Illinois,IL,35,0,13887,0,0,252.034
"Wayne County, Illinois",Wayne County,Illinois,IL,27,1,16215,3.704,6.167,166.512
"White County, Illinois",White County,Illinois,IL,33,0,13537,0,0,243.776
"Whiteside County, Illinois",Whiteside County,Illinois,IL,246,16,55175,6.504,28.999,445.854
"Will County, Illinois",Will County,Illinois,IL,7845,336,690743,4.283,48.643,1135.734
"Williamson County, Illinois",Williamson County,Illinois,IL,218,4,66597,1.835,6.006,327.342
"Winnebago County, Illinois",Winnebago County,Illinois,IL,3386,113,282572,3.337,39.99,1198.279
"Woodford County, Illinois",Woodford County,Illinois,IL,66,3,38459,4.545,7.801,171.611
"Statewide Unallocated, Indiana",Statewide Unallocated,Indiana,IN,0,0,0,NA,NA,NA
"Adams County, Indiana",Adams County,Indiana,IN,63,1,35777,1.587,2.795,176.091
"Allen County, Indiana",Allen County,Indiana,IN,3217,148,379299,4.601,39.019,848.144
"Bartholomew County, Indiana",Bartholomew County,Indiana,IN,648,45,83779,6.944,53.713,773.464
"Benton County, Indiana",Benton County,Indiana,IN,54,0,8748,0,0,617.284
"Blackford County, Indiana",Blackford County,Indiana,IN,45,2,11758,4.444,17.01,382.718
"Boone County, Indiana",Boone County,Indiana,IN,554,45,67843,8.123,66.33,816.591
"Brown County, Indiana",Brown County,Indiana,IN,58,1,15092,1.724,6.626,384.31
"Carroll County, Indiana",Carroll County,Indiana,IN,120,2,20257,1.667,9.873,592.388
"Cass County, Indiana",Cass County,Indiana,IN,1677,9,37689,0.537,23.88,4449.574
"Clark County, Indiana",Clark County,Indiana,IN,821,45,118302,5.481,38.038,693.987
"Clay County, Indiana",Clay County,Indiana,IN,73,5,26225,6.849,19.066,278.36
"Clinton County, Indiana",Clinton County,Indiana,IN,313,3,32399,0.958,9.26,966.079
"Crawford County, Indiana",Crawford County,Indiana,IN,37,0,10577,0,0,349.816
"Daviess County, Indiana",Daviess County,Indiana,IN,178,17,33351,9.551,50.973,533.717
"Dearborn County, Indiana",Dearborn County,Indiana,IN,355,25,49458,7.042,50.548,717.781
"Decatur County, Indiana",Decatur County,Indiana,IN,266,32,26559,12.03,120.486,1001.544
"DeKalb County, Indiana",DeKalb County,Indiana,IN,180,4,43475,2.222,9.201,414.031
"Delaware County, Indiana",Delaware County,Indiana,IN,518,52,114135,10.039,45.56,453.849
"Dubois County, Indiana",Dubois County,Indiana,IN,469,8,42736,1.706,18.72,1097.435
"Elkhart County, Indiana",Elkhart County,Indiana,IN,4150,69,206341,1.663,33.44,2011.234
"Fayette County, Indiana",Fayette County,Indiana,IN,121,7,23102,5.785,30.3,523.764
"Floyd County, Indiana",Floyd County,Indiana,IN,510,44,78522,8.627,56.035,649.5
"Fountain County, Indiana",Fountain County,Indiana,IN,47,2,16346,4.255,12.235,287.532
"Franklin County, Indiana",Franklin County,Indiana,IN,153,8,22758,5.229,35.152,672.291
"Fulton County, Indiana",Fulton County,Indiana,IN,100,1,19974,1,5.007,500.651
"Gibson County, Indiana",Gibson County,Indiana,IN,170,2,33659,1.176,5.942,505.066
"Grant County, Indiana",Grant County,Indiana,IN,421,28,65769,6.651,42.573,640.119
"Greene County, Indiana",Greene County,Indiana,IN,210,33,31922,15.714,103.377,657.854
"Hamilton County, Indiana",Hamilton County,Indiana,IN,2032,102,338011,5.02,30.177,601.164
"Hancock County, Indiana",Hancock County,Indiana,IN,528,36,78168,6.818,46.055,675.468
"Harrison County, Indiana",Harrison County,Indiana,IN,235,22,40515,9.362,54.301,580.032
"Hendricks County, Indiana",Hendricks County,Indiana,IN,1574,104,170311,6.607,61.065,924.192
"Henry County, Indiana",Henry County,Indiana,IN,328,18,47972,5.488,37.522,683.732
"Howard County, Indiana",Howard County,Indiana,IN,687,60,82544,8.734,72.689,832.283
"Huntington County, Indiana",Huntington County,Indiana,IN,112,2,36520,1.786,5.476,306.681
"Jackson County, Indiana",Jackson County,Indiana,IN,510,3,44231,0.588,6.783,1153.037
"Jasper County, Indiana",Jasper County,Indiana,IN,164,2,33562,1.22,5.959,488.648
"Jay County, Indiana",Jay County,Indiana,IN,73,0,20436,0,0,357.213
"Jefferson County, Indiana",Jefferson County,Indiana,IN,136,2,32308,1.471,6.19,420.948
"Jennings County, Indiana",Jennings County,Indiana,IN,188,12,27735,6.383,43.267,677.844
"Johnson County, Indiana",Johnson County,Indiana,IN,1476,118,158167,7.995,74.605,933.191
"Knox County, Indiana",Knox County,Indiana,IN,93,0,36594,0,0,254.14
"Kosciusko County, Indiana",Kosciusko County,Indiana,IN,711,8,79456,1.125,10.068,894.835
"LaGrange County, Indiana",LaGrange County,Indiana,IN,504,10,39614,1.984,25.244,1272.277
"Lake County, Indiana",Lake County,Indiana,IN,6379,258,485493,4.045,53.142,1313.922
"LaPorte County, Indiana",LaPorte County,Indiana,IN,706,28,109888,3.966,25.48,642.472
"Lawrence County, Indiana",Lawrence County,Indiana,IN,283,26,45370,9.187,57.307,623.76
"Madison County, Indiana",Madison County,Indiana,IN,720,64,129569,8.889,49.395,555.688
"Marion County, Indiana",Marion County,Indiana,IN,13094,711,964582,5.43,73.711,1357.479
"Marshall County, Indiana",Marshall County,Indiana,IN,682,16,46258,2.346,34.589,1474.34
"Martin County, Indiana",Martin County,Indiana,IN,36,0,10255,0,0,351.048
"Miami County, Indiana",Miami County,Indiana,IN,218,2,35516,0.917,5.631,613.808
"Monroe County, Indiana",Monroe County,Indiana,IN,496,29,148431,5.847,19.538,334.162
"Montgomery County, Indiana",Montgomery County,Indiana,IN,307,21,38338,6.84,54.776,800.772
"Morgan County, Indiana",Morgan County,Indiana,IN,367,31,70489,8.447,43.978,520.649
"Newton County, Indiana",Newton County,Indiana,IN,102,10,13984,9.804,71.51,729.405
"Noble County, Indiana",Noble County,Indiana,IN,579,28,47744,4.836,58.646,1212.718
"Ohio County, Indiana",Ohio County,Indiana,IN,33,2,5875,6.061,34.043,561.702
"Orange County, Indiana",Orange County,Indiana,IN,150,24,19646,16,122.162,763.514
"Owen County, Indiana",Owen County,Indiana,IN,60,1,20799,1.667,4.808,288.475
"Parke County, Indiana",Parke County,Indiana,IN,35,0,16937,0,0,206.648
"Perry County, Indiana",Perry County,Indiana,IN,161,12,19169,7.453,62.601,839.898
"Pike County, Indiana",Pike County,Indiana,IN,21,0,12389,0,0,169.505
"Porter County, Indiana",Porter County,Indiana,IN,954,38,170389,3.983,22.302,559.895
"Posey County, Indiana",Posey County,Indiana,IN,128,0,25427,0,0,503.402
"Pulaski County, Indiana",Pulaski County,Indiana,IN,69,1,12353,1.449,8.095,558.569
"Putnam County, Indiana",Putnam County,Indiana,IN,197,8,37576,4.061,21.29,524.271
"Randolph County, Indiana",Randolph County,Indiana,IN,85,4,24665,4.706,16.217,344.618
"Ripley County, Indiana",Ripley County,Indiana,IN,160,7,28324,4.375,24.714,564.892
"Rush County, Indiana",Rush County,Indiana,IN,73,4,16581,5.479,24.124,440.263
"St. Joseph County, Indiana",St. Joseph County,Indiana,IN,2605,74,271826,2.841,27.223,958.334
"Scott County, Indiana",Scott County,Indiana,IN,202,10,23873,4.95,41.888,846.144
"Shelby County, Indiana",Shelby County,Indiana,IN,480,25,44729,5.208,55.892,1073.129
"Spencer County, Indiana",Spencer County,Indiana,IN,95,1,20277,1.053,4.932,468.511
"Starke County, Indiana",Starke County,Indiana,IN,141,4,22995,2.837,17.395,613.177
"Steuben County, Indiana",Steuben County,Indiana,IN,165,3,34594,1.818,8.672,476.961
"Sullivan County, Indiana",Sullivan County,Indiana,IN,65,1,20669,1.538,4.838,314.481
"Switzerland County, Indiana",Switzerland County,Indiana,IN,36,0,10751,0,0,334.853
"Tippecanoe County, Indiana",Tippecanoe County,Indiana,IN,907,11,195732,1.213,5.62,463.389
"Tipton County, Indiana",Tipton County,Indiana,IN,52,2,15148,3.846,13.203,343.28
"Union County, Indiana",Union County,Indiana,IN,20,0,7054,0,0,283.527
"Vanderburgh County, Indiana",Vanderburgh County,Indiana,IN,1236,6,181451,0.485,3.307,681.176
"Vermillion County, Indiana",Vermillion County,Indiana,IN,20,0,15498,0,0,129.049
"Vigo County, Indiana",Vigo County,Indiana,IN,317,9,107038,2.839,8.408,296.157
"Wabash County, Indiana",Wabash County,Indiana,IN,132,3,30996,2.273,9.679,425.861
"Warren County, Indiana",Warren County,Indiana,IN,17,1,8265,5.882,12.099,205.687
"Warrick County, Indiana",Warrick County,Indiana,IN,381,29,62998,7.612,46.033,604.781
"Washington County, Indiana",Washington County,Indiana,IN,77,1,28036,1.299,3.567,274.647
"Wayne County, Indiana",Wayne County,Indiana,IN,219,7,65884,3.196,10.625,332.402
"Wells County, Indiana",Wells County,Indiana,IN,103,1,28296,0.971,3.534,364.009
"White County, Indiana",White County,Indiana,IN,307,10,24102,3.257,41.49,1273.753
"Whitley County, Indiana",Whitley County,Indiana,IN,122,6,33964,4.918,17.666,359.204
"Statewide Unallocated, Kentucky",Statewide Unallocated,Kentucky,KY,0,0,0,NA,NA,NA
"Adair County, Kentucky",Adair County,Kentucky,KY,171,19,19202,11.111,98.948,890.532
"Allen County, Kentucky",Allen County,Kentucky,KY,205,8,21315,3.902,37.532,961.764
"Anderson County, Kentucky",Anderson County,Kentucky,KY,41,1,22747,2.439,4.396,180.244
"Ballard County, Kentucky",Ballard County,Kentucky,KY,26,0,7888,0,0,329.615
"Barren County, Kentucky",Barren County,Kentucky,KY,214,2,44249,0.935,4.52,483.627
"Bath County, Kentucky",Bath County,Kentucky,KY,24,1,12500,4.167,8,192
"Bell County, Kentucky",Bell County,Kentucky,KY,174,1,26032,0.575,3.841,668.408
"Boone County, Kentucky",Boone County,Kentucky,KY,871,23,133581,2.641,17.218,652.039
"Bourbon County, Kentucky",Bourbon County,Kentucky,KY,60,1,19788,1.667,5.054,303.214
"Boyd County, Kentucky",Boyd County,Kentucky,KY,129,3,46718,2.326,6.422,276.125
"Boyle County, Kentucky",Boyle County,Kentucky,KY,62,0,30060,0,0,206.254
"Bracken County, Kentucky",Bracken County,Kentucky,KY,24,0,8303,0,0,289.052
"Breathitt County, Kentucky",Breathitt County,Kentucky,KY,18,0,12630,0,0,142.518
"Breckinridge County, Kentucky",Breckinridge County,Kentucky,KY,38,2,20477,5.263,9.767,185.574
"Bullitt County, Kentucky",Bullitt County,Kentucky,KY,221,4,81676,1.81,4.897,270.581
"Butler County, Kentucky",Butler County,Kentucky,KY,283,14,12879,4.947,108.704,2197.376
"Caldwell County, Kentucky",Caldwell County,Kentucky,KY,41,0,12747,0,0,321.644
"Calloway County, Kentucky",Calloway County,Kentucky,KY,139,2,39001,1.439,5.128,356.401
"Campbell County, Kentucky",Campbell County,Kentucky,KY,421,13,93584,3.088,13.891,449.863
"Carlisle County, Kentucky",Carlisle County,Kentucky,KY,16,1,4760,6.25,21.008,336.134
"Carroll County, Kentucky",Carroll County,Kentucky,KY,128,2,10631,1.562,18.813,1204.026
"Carter County, Kentucky",Carter County,Kentucky,KY,75,1,26797,1.333,3.732,279.882
"Casey County, Kentucky",Casey County,Kentucky,KY,122,7,16159,5.738,43.32,754.997
"Christian County, Kentucky",Christian County,Kentucky,KY,367,4,70461,1.09,5.677,520.856
"Clark County, Kentucky",Clark County,Kentucky,KY,122,7,36263,5.738,19.303,336.431
"Clay County, Kentucky",Clay County,Kentucky,KY,121,4,19901,3.306,20.099,608.01
"Clinton County, Kentucky",Clinton County,Kentucky,KY,14,0,10218,0,0,137.013
"Crittenden County, Kentucky",Crittenden County,Kentucky,KY,21,1,8806,4.762,11.356,238.474
"Cumberland County, Kentucky",Cumberland County,Kentucky,KY,20,0,6614,0,0,302.389
"Daviess County, Kentucky",Daviess County,Kentucky,KY,595,7,101511,1.176,6.896,586.143
"Edmonson County, Kentucky",Edmonson County,Kentucky,KY,84,12,12150,14.286,98.765,691.358
"Elliott County, Kentucky",Elliott County,Kentucky,KY,7,0,7517,0,0,93.122
"Estill County, Kentucky",Estill County,Kentucky,KY,8,0,14106,0,0,56.713
"Fayette County, Kentucky",Fayette County,Kentucky,KY,2205,41,323152,1.859,12.688,682.341
"Fleming County, Kentucky",Fleming County,Kentucky,KY,40,0,14581,0,0,274.33
"Floyd County, Kentucky",Floyd County,Kentucky,KY,61,1,35589,1.639,2.81,171.401
"Franklin County, Kentucky",Franklin County,Kentucky,KY,198,5,50991,2.525,9.806,388.304
"Fulton County, Kentucky",Fulton County,Kentucky,KY,36,1,5969,2.778,16.753,603.116
"Gallatin County, Kentucky",Gallatin County,Kentucky,KY,74,8,8869,10.811,90.202,834.367
"Garrard County, Kentucky",Garrard County,Kentucky,KY,48,0,17666,0,0,271.708
"Grant County, Kentucky",Grant County,Kentucky,KY,80,5,25069,6.25,19.945,319.119
"Graves County, Kentucky",Graves County,Kentucky,KY,397,21,37266,5.29,56.352,1065.314
"Grayson County, Kentucky",Grayson County,Kentucky,KY,163,11,26427,6.748,41.624,616.793
"Green County, Kentucky",Green County,Kentucky,KY,22,1,10941,4.545,9.14,201.079
"Greenup County, Kentucky",Greenup County,Kentucky,KY,63,0,35098,0,0,179.497
"Hancock County, Kentucky",Hancock County,Kentucky,KY,38,0,8722,0,0,435.68
"Hardin County, Kentucky",Hardin County,Kentucky,KY,394,7,110958,1.777,6.309,355.089
"Harlan County, Kentucky",Harlan County,Kentucky,KY,107,2,26010,1.869,7.689,411.38
"Harrison County, Kentucky",Harrison County,Kentucky,KY,105,0,18886,0,0,555.967
"Hart County, Kentucky",Hart County,Kentucky,KY,60,0,19035,0,0,315.209
"Henderson County, Kentucky",Henderson County,Kentucky,KY,247,4,45210,1.619,8.848,546.339
"Henry County, Kentucky",Henry County,Kentucky,KY,64,2,16126,3.125,12.402,396.875
"Hickman County, Kentucky",Hickman County,Kentucky,KY,16,0,4380,0,0,365.297
"Hopkins County, Kentucky",Hopkins County,Kentucky,KY,359,33,44686,9.192,73.849,803.384
"Jackson County, Kentucky",Jackson County,Kentucky,KY,123,14,13329,11.382,105.034,922.8
"Jefferson County, Kentucky",Jefferson County,Kentucky,KY,5519,215,766757,3.896,28.04,719.785
"Jessamine County, Kentucky",Jessamine County,Kentucky,KY,192,0,54115,0,0,354.8
"Johnson County, Kentucky",Johnson County,Kentucky,KY,17,0,22188,0,0,76.618
"Kenton County, Kentucky",Kenton County,Kentucky,KY,1100,37,166998,3.364,22.156,658.691
"Knott County, Kentucky",Knott County,Kentucky,KY,27,0,14806,0,0,182.359
"Knox County, Kentucky",Knox County,Kentucky,KY,143,7,31145,4.895,22.476,459.143
"Larue County, Kentucky",Larue County,Kentucky,KY,31,1,14398,3.226,6.945,215.308
"Laurel County, Kentucky",Laurel County,Kentucky,KY,273,4,60813,1.465,6.578,448.917
"Lawrence County, Kentucky",Lawrence County,Kentucky,KY,21,0,15317,0,0,137.103
"Lee County, Kentucky",Lee County,Kentucky,KY,3,0,7403,0,0,40.524
"Leslie County, Kentucky",Leslie County,Kentucky,KY,16,0,9877,0,0,161.993
"Letcher County, Kentucky",Letcher County,Kentucky,KY,26,0,21553,0,0,120.633
"Lewis County, Kentucky",Lewis County,Kentucky,KY,26,0,13275,0,0,195.857
"Lincoln County, Kentucky",Lincoln County,Kentucky,KY,75,1,24549,1.333,4.073,305.511
"Livingston County, Kentucky",Livingston County,Kentucky,KY,27,0,9194,0,0,293.67
"Logan County, Kentucky",Logan County,Kentucky,KY,278,19,27102,6.835,70.106,1025.755
"Lyon County, Kentucky",Lyon County,Kentucky,KY,25,3,8210,12,36.541,304.507
"McCracken County, Kentucky",McCracken County,Kentucky,KY,267,3,65418,1.124,4.586,408.145
"McCreary County, Kentucky",McCreary County,Kentucky,KY,21,0,17231,0,0,121.873
"McLean County, Kentucky",McLean County,Kentucky,KY,35,1,9207,2.857,10.861,380.146
"Madison County, Kentucky",Madison County,Kentucky,KY,287,1,92987,0.348,1.075,308.645
"Magoffin County, Kentucky",Magoffin County,Kentucky,KY,9,0,12161,0,0,74.007
"Marion County, Kentucky",Marion County,Kentucky,KY,85,0,19273,0,0,441.031
"Marshall County, Kentucky",Marshall County,Kentucky,KY,98,2,31100,2.041,6.431,315.113
"Martin County, Kentucky",Martin County,Kentucky,KY,20,0,11195,0,0,178.651
"Mason County, Kentucky",Mason County,Kentucky,KY,45,1,17070,2.222,5.858,263.62
"Meade County, Kentucky",Meade County,Kentucky,KY,52,2,28572,3.846,7,181.996
"Menifee County, Kentucky",Menifee County,Kentucky,KY,19,0,6489,0,0,292.803
"Mercer County, Kentucky",Mercer County,Kentucky,KY,34,0,21933,0,0,155.018
"Metcalfe County, Kentucky",Metcalfe County,Kentucky,KY,20,2,10071,10,19.859,198.59
"Monroe County, Kentucky",Monroe County,Kentucky,KY,65,2,10650,3.077,18.779,610.329
"Montgomery County, Kentucky",Montgomery County,Kentucky,KY,89,0,28157,0,0,316.085
"Morgan County, Kentucky",Morgan County,Kentucky,KY,24,0,13309,0,0,180.329
"Muhlenberg County, Kentucky",Muhlenberg County,Kentucky,KY,584,9,30622,1.541,29.391,1907.126
"Nelson County, Kentucky",Nelson County,Kentucky,KY,159,2,46233,1.258,4.326,343.91
"Nicholas County, Kentucky",Nicholas County,Kentucky,KY,16,0,7269,0,0,220.113
"Ohio County, Kentucky",Ohio County,Kentucky,KY,300,1,23994,0.333,4.168,1250.313
"Oldham County, Kentucky",Oldham County,Kentucky,KY,413,8,66799,1.937,11.976,618.273
"Owen County, Kentucky",Owen County,Kentucky,KY,24,0,10901,0,0,220.163
"Owsley County, Kentucky",Owsley County,Kentucky,KY,4,0,4415,0,0,90.6
"Pendleton County, Kentucky",Pendleton County,Kentucky,KY,28,0,14590,0,0,191.912
"Perry County, Kentucky",Perry County,Kentucky,KY,141,2,25758,1.418,7.765,547.403
"Pike County, Kentucky",Pike County,Kentucky,KY,166,3,57876,1.807,5.183,286.82
"Powell County, Kentucky",Powell County,Kentucky,KY,31,0,12359,0,0,250.829
"Pulaski County, Kentucky",Pulaski County,Kentucky,KY,164,2,64979,1.22,3.078,252.389
"Robertson County, Kentucky",Robertson County,Kentucky,KY,2,0,2108,0,0,94.877
"Rockcastle County, Kentucky",Rockcastle County,Kentucky,KY,44,0,16695,0,0,263.552
"Rowan County, Kentucky",Rowan County,Kentucky,KY,46,0,24460,0,0,188.062
"Russell County, Kentucky",Russell County,Kentucky,KY,79,5,17923,6.329,27.897,440.774
"Scott County, Kentucky",Scott County,Kentucky,KY,193,0,57004,0,0,338.573
"Shelby County, Kentucky",Shelby County,Kentucky,KY,635,22,49024,3.465,44.876,1295.284
"Simpson County, Kentucky",Simpson County,Kentucky,KY,113,5,18572,4.425,26.922,608.443
"Spencer County, Kentucky",Spencer County,Kentucky,KY,63,0,19351,0,0,325.565
"Taylor County, Kentucky",Taylor County,Kentucky,KY,73,1,25769,1.37,3.881,283.286
"Todd County, Kentucky",Todd County,Kentucky,KY,30,0,12294,0,0,244.021
"Trigg County, Kentucky",Trigg County,Kentucky,KY,38,0,14651,0,0,259.368
"Trimble County, Kentucky",Trimble County,Kentucky,KY,25,0,8471,0,0,295.125
"Union County, Kentucky",Union County,Kentucky,KY,40,0,14381,0,0,278.145
"Warren County, Kentucky",Warren County,Kentucky,KY,2057,19,132896,0.924,14.297,1547.827
"Washington County, Kentucky",Washington County,Kentucky,KY,43,0,12095,0,0,355.519
"Wayne County, Kentucky",Wayne County,Kentucky,KY,42,0,20333,0,0,206.561
"Webster County, Kentucky",Webster County,Kentucky,KY,69,1,12942,1.449,7.727,533.148
"Whitley County, Kentucky",Whitley County,Kentucky,KY,77,0,36264,0,0,212.332
"Wolfe County, Kentucky",Wolfe County,Kentucky,KY,7,0,7157,0,0,97.806
"Woodford County, Kentucky",Woodford County,Kentucky,KY,103,0,26734,0,0,385.277
"Statewide Unallocated, Michigan",Statewide Unallocated,Michigan,MI,4392,73,0,1.662,NA,NA
"Alcona County, Michigan",Alcona County,Michigan,MI,27,1,10405,3.704,9.611,259.491
"Alger County, Michigan",Alger County,Michigan,MI,4,0,9108,0,0,43.917
"Allegan County, Michigan",Allegan County,Michigan,MI,443,8,118081,1.806,6.775,375.166
"Alpena County, Michigan",Alpena County,Michigan,MI,125,13,28405,10.4,45.767,440.063
"Antrim County, Michigan",Antrim County,Michigan,MI,31,0,23324,0,0,132.91
"Arenac County, Michigan",Arenac County,Michigan,MI,39,2,14883,5.128,13.438,262.044
"Baraga County, Michigan",Baraga County,Michigan,MI,5,0,8209,0,0,60.909
"Barry County, Michigan",Barry County,Michigan,MI,160,2,61550,1.25,3.249,259.951
"Bay County, Michigan",Bay County,Michigan,MI,493,31,103126,6.288,30.06,478.056
"Benzie County, Michigan",Benzie County,Michigan,MI,24,1,17766,4.167,5.629,135.089
"Berrien County, Michigan",Berrien County,Michigan,MI,1155,61,153401,5.281,39.765,752.929
"Branch County, Michigan",Branch County,Michigan,MI,303,2,43517,0.66,4.596,696.28
"Calhoun County, Michigan",Calhoun County,Michigan,MI,676,39,134159,5.769,29.07,503.88
"Cass County, Michigan",Cass County,Michigan,MI,237,8,51787,3.376,15.448,457.644
"Charlevoix County, Michigan",Charlevoix County,Michigan,MI,42,2,26143,4.762,7.65,160.655
"Cheboygan County, Michigan",Cheboygan County,Michigan,MI,32,2,25276,6.25,7.913,126.602
"Chippewa County, Michigan",Chippewa County,Michigan,MI,25,0,37349,0,0,66.936
"Clare County, Michigan",Clare County,Michigan,MI,42,3,30950,7.143,9.693,135.703
"Clinton County, Michigan",Clinton County,Michigan,MI,334,12,79595,3.593,15.076,419.624
"Crawford County, Michigan",Crawford County,Michigan,MI,92,5,14029,5.435,35.64,655.784
"Delta County, Michigan",Delta County,Michigan,MI,55,3,35784,5.455,8.384,153.7
"Dickinson County, Michigan",Dickinson County,Michigan,MI,35,2,25239,5.714,7.924,138.674
"Eaton County, Michigan",Eaton County,Michigan,MI,394,7,110268,1.777,6.348,357.311
"Emmet County, Michigan",Emmet County,Michigan,MI,51,2,33415,3.922,5.985,152.626
"Genesee County, Michigan",Genesee County,Michigan,MI,3183,293,405813,9.205,72.201,784.351
"Gladwin County, Michigan",Gladwin County,Michigan,MI,30,2,25449,6.667,7.859,117.883
"Gogebic County, Michigan",Gogebic County,Michigan,MI,45,1,13975,2.222,7.156,322.004
"Grand Traverse County, Michigan",Grand Traverse County,Michigan,MI,138,5,93088,3.623,5.371,148.247
"Gratiot County, Michigan",Gratiot County,Michigan,MI,118,15,40711,12.712,36.845,289.848
"Hillsdale County, Michigan",Hillsdale County,Michigan,MI,220,25,45605,11.364,54.819,482.403
"Houghton County, Michigan",Houghton County,Michigan,MI,38,0,35684,0,0,106.49
"Huron County, Michigan",Huron County,Michigan,MI,108,3,30981,2.778,9.683,348.601
"Ingham County, Michigan",Ingham County,Michigan,MI,1308,29,292406,2.217,9.918,447.323
"Ionia County, Michigan",Ionia County,Michigan,MI,242,5,64697,2.066,7.728,374.051
"Iosco County, Michigan",Iosco County,Michigan,MI,124,11,25127,8.871,43.778,493.493
"Iron County, Michigan",Iron County,Michigan,MI,10,1,11066,10,9.037,90.367
"Isabella County, Michigan",Isabella County,Michigan,MI,186,8,69872,4.301,11.45,266.201
"Jackson County, Michigan",Jackson County,Michigan,MI,597,32,158510,5.36,20.188,376.632
"Kalamazoo County, Michigan",Kalamazoo County,Michigan,MI,1370,74,265066,5.401,27.918,516.852
"Kalkaska County, Michigan",Kalkaska County,Michigan,MI,48,4,18038,8.333,22.175,266.105
"Kent County, Michigan",Kent County,Michigan,MI,6486,150,656955,2.313,22.833,987.282
"Keweenaw County, Michigan",Keweenaw County,Michigan,MI,2,0,2116,0,0,94.518
"Lake County, Michigan",Lake County,Michigan,MI,14,0,11853,0,0,118.114
"Lapeer County, Michigan",Lapeer County,Michigan,MI,343,32,87607,9.329,36.527,391.521
"Leelanau County, Michigan",Leelanau County,Michigan,MI,56,0,21761,0,0,257.341
"Lenawee County, Michigan",Lenawee County,Michigan,MI,334,11,98451,3.293,11.173,339.255
"Livingston County, Michigan",Livingston County,Michigan,MI,683,28,191995,4.1,14.584,355.738
"Luce County, Michigan",Luce County,Michigan,MI,3,0,6229,0,0,48.162
"Mackinac County, Michigan",Mackinac County,Michigan,MI,13,0,10799,0,0,120.382
"Macomb County, Michigan",Macomb County,Michigan,MI,8586,936,873972,10.901,107.097,982.411
"Manistee County, Michigan",Manistee County,Michigan,MI,31,0,24558,0,0,126.232
"Marquette County, Michigan",Marquette County,Michigan,MI,107,11,66699,10.28,16.492,160.422
"Mason County, Michigan",Mason County,Michigan,MI,104,0,29144,0,0,356.849
"Mecosta County, Michigan",Mecosta County,Michigan,MI,48,2,43453,4.167,4.603,110.464
"Menominee County, Michigan",Menominee County,Michigan,MI,61,0,22780,0,0,267.779
"Midland County, Michigan",Midland County,Michigan,MI,243,9,83156,3.704,10.823,292.222
"Missaukee County, Michigan",Missaukee County,Michigan,MI,40,1,15118,2.5,6.615,264.585
"Monroe County, Michigan",Monroe County,Michigan,MI,754,21,150500,2.785,13.953,500.997
"Montcalm County, Michigan",Montcalm County,Michigan,MI,160,1,63888,0.625,1.565,250.438
"Montmorency County, Michigan",Montmorency County,Michigan,MI,7,0,9328,0,0,75.043
"Muskegon County, Michigan",Muskegon County,Michigan,MI,1052,55,173566,5.228,31.688,606.109
"Newaygo County, Michigan",Newaygo County,Michigan,MI,232,0,48980,0,0,473.663
"Oakland County, Michigan",Oakland County,Michigan,MI,13644,1121,1257584,8.216,89.139,1084.937
"Oceana County, Michigan",Oceana County,Michigan,MI,445,5,26467,1.124,18.891,1681.339
"Ogemaw County, Michigan",Ogemaw County,Michigan,MI,48,2,20997,4.167,9.525,228.604
"Ontonagon County, Michigan",Ontonagon County,Michigan,MI,1,0,5720,0,0,17.483
"Osceola County, Michigan",Osceola County,Michigan,MI,63,0,23460,0,0,268.542
"Oscoda County, Michigan",Oscoda County,Michigan,MI,23,1,8241,4.348,12.134,279.092
"Otsego County, Michigan",Otsego County,Michigan,MI,128,10,24668,7.812,40.538,518.891
"Ottawa County, Michigan",Ottawa County,Michigan,MI,1524,53,291830,3.478,18.161,522.222
"Presque Isle County, Michigan",Presque Isle County,Michigan,MI,14,0,12592,0,0,111.182
"Roscommon County, Michigan",Roscommon County,Michigan,MI,44,0,24019,0,0,183.188
"Saginaw County, Michigan",Saginaw County,Michigan,MI,1617,125,190539,7.73,65.603,848.645
"St. Clair County, Michigan",St. Clair County,Michigan,MI,668,53,159128,7.934,33.307,419.788
"St. Joseph County, Michigan",St. Joseph County,Michigan,MI,461,6,60964,1.302,9.842,756.184
"Sanilac County, Michigan",Sanilac County,Michigan,MI,79,6,41170,7.595,14.574,191.887
"Schoolcraft County, Michigan",Schoolcraft County,Michigan,MI,8,0,8094,0,0,98.839
"Shiawassee County, Michigan",Shiawassee County,Michigan,MI,296,28,68122,9.459,41.103,434.515
"Tuscola County, Michigan",Tuscola County,Michigan,MI,258,27,52245,10.465,51.68,493.827
"Van Buren County, Michigan",Van Buren County,Michigan,MI,325,9,75677,2.769,11.893,429.457
"Washtenaw County, Michigan",Washtenaw County,Michigan,MI,2169,110,367601,5.071,29.924,590.042
"Wayne County, Michigan",Wayne County,Michigan,MI,25520,2784,1749343,10.909,159.145,1458.833
"Wexford County, Michigan",Wexford County,Michigan,MI,55,4,33631,7.273,11.894,163.54
"Statewide Unallocated, Minnesota",Statewide Unallocated,Minnesota,MN,89,7,0,7.865,NA,NA
"Aitkin County, Minnesota",Aitkin County,Minnesota,MN,22,0,15886,0,0,138.487
"Anoka County, Minnesota",Anoka County,Minnesota,MN,2790,109,356921,3.907,30.539,781.686
"Becker County, Minnesota",Becker County,Minnesota,MN,85,0,34423,0,0,246.928
"Beltrami County, Minnesota",Beltrami County,Minnesota,MN,115,0,47188,0,0,243.706
"Benton County, Minnesota",Benton County,Minnesota,MN,274,3,40889,1.095,7.337,670.107
"Big Stone County, Minnesota",Big Stone County,Minnesota,MN,20,0,4991,0,0,400.721
"Blue Earth County, Minnesota",Blue Earth County,Minnesota,MN,710,2,67653,0.282,2.956,1049.473
"Brown County, Minnesota",Brown County,Minnesota,MN,61,2,25008,3.279,7.997,243.922
"Carlton County, Minnesota",Carlton County,Minnesota,MN,107,0,35871,0,0,298.291
"Carver County, Minnesota",Carver County,Minnesota,MN,602,2,105089,0.332,1.903,572.848
"Cass County, Minnesota",Cass County,Minnesota,MN,33,2,29779,6.061,6.716,110.816
"Chippewa County, Minnesota",Chippewa County,Minnesota,MN,87,1,11800,1.149,8.475,737.288
"Chisago County, Minnesota",Chisago County,Minnesota,MN,135,1,56579,0.741,1.767,238.604
"Clay County, Minnesota",Clay County,Minnesota,MN,679,38,64222,5.596,59.17,1057.27
"Clearwater County, Minnesota",Clearwater County,Minnesota,MN,14,0,8818,0,0,158.766
"Cook County, Minnesota",Cook County,Minnesota,MN,2,0,5463,0,0,36.61
"Cottonwood County, Minnesota",Cottonwood County,Minnesota,MN,150,0,11196,0,0,1339.764
"Crow Wing County, Minnesota",Crow Wing County,Minnesota,MN,137,12,65055,8.759,18.446,210.591
"Dakota County, Minnesota",Dakota County,Minnesota,MN,3194,100,429021,3.131,23.309,744.486
"Dodge County, Minnesota",Dodge County,Minnesota,MN,114,0,20934,0,0,544.569
"Douglas County, Minnesota",Douglas County,Minnesota,MN,105,0,38141,0,0,275.294
"Faribault County, Minnesota",Faribault County,Minnesota,MN,72,0,13653,0,0,527.357
"Fillmore County, Minnesota",Fillmore County,Minnesota,MN,50,0,21067,0,0,237.338
"Freeborn County, Minnesota",Freeborn County,Minnesota,MN,331,1,30281,0.302,3.302,1093.095
"Goodhue County, Minnesota",Goodhue County,Minnesota,MN,153,8,46340,5.229,17.264,330.168
"Grant County, Minnesota",Grant County,Minnesota,MN,33,1,5972,3.03,16.745,552.579
"Hennepin County, Minnesota",Hennepin County,Minnesota,MN,15273,801,1265843,5.245,63.278,1206.548
"Houston County, Minnesota",Houston County,Minnesota,MN,33,0,18600,0,0,177.419
"Hubbard County, Minnesota",Hubbard County,Minnesota,MN,12,0,21491,0,0,55.837
"Isanti County, Minnesota",Isanti County,Minnesota,MN,94,0,40596,0,0,231.55
"Itasca County, Minnesota",Itasca County,Minnesota,MN,108,12,45130,11.111,26.59,239.309
"Jackson County, Minnesota",Jackson County,Minnesota,MN,60,0,9846,0,0,609.385
"Kanabec County, Minnesota",Kanabec County,Minnesota,MN,20,1,16337,5,6.121,122.421
"Kandiyohi County, Minnesota",Kandiyohi County,Minnesota,MN,627,1,43199,0.159,2.315,1451.422
"Kittson County, Minnesota",Kittson County,Minnesota,MN,2,0,4298,0,0,46.533
"Koochiching County, Minnesota",Koochiching County,Minnesota,MN,48,2,12229,4.167,16.355,392.51
"Lac Qui Parle County, Minnesota",Lac Qui Parle County,Minnesota,MN,6,NA,6623,NA,NA,90.593
"Lake County, Minnesota",Lake County,Minnesota,MN,14,0,10641,0,0,131.567
"Lake of the Woods County, Minnesota",Lake of the Woods County,Minnesota,MN,0,0,3740,NA,0,0
"Le Sueur County, Minnesota",Le Sueur County,Minnesota,MN,162,1,28887,0.617,3.462,560.806
"Lincoln County, Minnesota",Lincoln County,Minnesota,MN,51,0,5639,0,0,904.416
"Lyon County, Minnesota",Lyon County,Minnesota,MN,385,3,25474,0.779,11.777,1511.345
"McLeod County, Minnesota",McLeod County,Minnesota,MN,114,0,35893,0,0,317.611
"Mahnomen County, Minnesota",Mahnomen County,Minnesota,MN,18,1,5527,5.556,18.093,325.674
"Marshall County, Minnesota",Marshall County,Minnesota,MN,23,0,9336,0,0,246.358
"Martin County, Minnesota",Martin County,Minnesota,MN,190,5,19683,2.632,25.403,965.3
"Meeker County, Minnesota",Meeker County,Minnesota,MN,76,1,23222,1.316,4.306,327.276
"Mille Lacs County, Minnesota",Mille Lacs County,Minnesota,MN,48,2,26277,4.167,7.611,182.669
"Morrison County, Minnesota",Morrison County,Minnesota,MN,74,1,33386,1.351,2.995,221.65
"Mower County, Minnesota",Mower County,Minnesota,MN,1019,2,40062,0.196,4.992,2543.557
"Murray County, Minnesota",Murray County,Minnesota,MN,104,0,8194,0,0,1269.221
"Nicollet County, Minnesota",Nicollet County,Minnesota,MN,243,13,34274,5.35,37.93,708.992
"Nobles County, Minnesota",Nobles County,Minnesota,MN,1713,6,21629,0.35,27.741,7919.922
"Norman County, Minnesota",Norman County,Minnesota,MN,24,0,6375,0,0,376.471
"Olmsted County, Minnesota",Olmsted County,Minnesota,MN,1448,20,158293,1.381,12.635,914.759
"Otter Tail County, Minnesota",Otter Tail County,Minnesota,MN,134,1,58746,0.746,1.702,228.101
"Pennington County, Minnesota",Pennington County,Minnesota,MN,60,0,14119,0,0,424.959
"Pine County, Minnesota",Pine County,Minnesota,MN,119,0,29579,0,0,402.312
"Pipestone County, Minnesota",Pipestone County,Minnesota,MN,124,5,9126,4.032,54.789,1358.755
"Polk County, Minnesota",Polk County,Minnesota,MN,96,3,31364,3.125,9.565,306.083
"Pope County, Minnesota",Pope County,Minnesota,MN,28,0,11249,0,0,248.911
"Ramsey County, Minnesota",Ramsey County,Minnesota,MN,5890,247,550321,4.194,44.883,1070.284
"Red Lake County, Minnesota",Red Lake County,Minnesota,MN,5,0,4055,0,0,123.305
"Redwood County, Minnesota",Redwood County,Minnesota,MN,27,0,15170,0,0,177.983
"Renville County, Minnesota",Renville County,Minnesota,MN,44,4,14548,9.091,27.495,302.447
"Rice County, Minnesota",Rice County,Minnesota,MN,924,8,66972,0.866,11.945,1379.681
"Rock County, Minnesota",Rock County,Minnesota,MN,45,0,9315,0,0,483.092
"Roseau County, Minnesota",Roseau County,Minnesota,MN,34,0,15165,0,0,224.2
"St. Louis County, Minnesota",St. Louis County,Minnesota,MN,299,16,199070,5.351,8.037,150.198
"Scott County, Minnesota",Scott County,Minnesota,MN,1072,7,149013,0.653,4.698,719.4
"Sherburne County, Minnesota",Sherburne County,Minnesota,MN,459,5,97238,1.089,5.142,472.038
"Sibley County, Minnesota",Sibley County,Minnesota,MN,69,2,14865,2.899,13.454,464.178
"Stearns County, Minnesota",Stearns County,Minnesota,MN,2666,19,161075,0.713,11.796,1655.13
"Steele County, Minnesota",Steele County,Minnesota,MN,291,1,36649,0.344,2.729,794.019
"Stevens County, Minnesota",Stevens County,Minnesota,MN,14,0,9805,0,0,142.784
"Swift County, Minnesota",Swift County,Minnesota,MN,47,1,9266,2.128,10.792,507.231
"Todd County, Minnesota",Todd County,Minnesota,MN,405,2,24664,0.494,8.109,1642.069
"Traverse County, Minnesota",Traverse County,Minnesota,MN,9,0,3259,0,0,276.158
"Wabasha County, Minnesota",Wabasha County,Minnesota,MN,59,0,21627,0,0,272.807
"Wadena County, Minnesota",Wadena County,Minnesota,MN,20,0,13682,0,0,146.177
"Waseca County, Minnesota",Waseca County,Minnesota,MN,98,0,18612,0,0,526.542
"Washington County, Minnesota",Washington County,Minnesota,MN,1550,40,262440,2.581,15.242,590.611
"Watonwan County, Minnesota",Watonwan County,Minnesota,MN,282,0,10897,0,0,2587.868
"Wilkin County, Minnesota",Wilkin County,Minnesota,MN,23,3,6207,13.043,48.333,370.549
"Winona County, Minnesota",Winona County,Minnesota,MN,193,16,50484,8.29,31.693,382.299
"Wright County, Minnesota",Wright County,Minnesota,MN,652,4,138377,0.613,2.891,471.177
"Yellow Medicine County, Minnesota",Yellow Medicine County,Minnesota,MN,37,0,9709,0,0,381.09
"Statewide Unallocated, Ohio",Statewide Unallocated,Ohio,OH,1,0,0,0,NA,NA
"Adams County, Ohio",Adams County,Ohio,OH,39,2,27698,5.128,7.221,140.804
"Allen County, Ohio",Allen County,Ohio,OH,486,41,102351,8.436,40.058,474.837
"Ashland County, Ohio",Ashland County,Ohio,OH,103,4,53484,3.883,7.479,192.581
"Ashtabula County, Ohio",Ashtabula County,Ohio,OH,489,44,97241,8.998,45.248,502.874
"Athens County, Ohio",Athens County,Ohio,OH,292,1,65327,0.342,1.531,446.982
"Auglaize County, Ohio",Auglaize County,Ohio,OH,147,5,45656,3.401,10.951,321.973
"Belmont County, Ohio",Belmont County,Ohio,OH,578,26,67006,4.498,38.802,862.609
"Brown County, Ohio",Brown County,Ohio,OH,76,1,43432,1.316,2.302,174.986
"Butler County, Ohio",Butler County,Ohio,OH,2230,52,383134,2.332,13.572,582.042
"Carroll County, Ohio",Carroll County,Ohio,OH,90,4,26914,4.444,14.862,334.398
"Champaign County, Ohio",Champaign County,Ohio,OH,77,1,38885,1.299,2.572,198.02
"Clark County, Ohio",Clark County,Ohio,OH,951,11,134083,1.157,8.204,709.262
"Clermont County, Ohio",Clermont County,Ohio,OH,671,9,206428,1.341,4.36,325.053
"Clinton County, Ohio",Clinton County,Ohio,OH,119,4,41968,3.361,9.531,283.549
"Columbiana County, Ohio",Columbiana County,Ohio,OH,1477,62,101883,4.198,60.854,1449.702
"Coshocton County, Ohio",Coshocton County,Ohio,OH,167,4,36600,2.395,10.929,456.284
"Crawford County, Ohio",Crawford County,Ohio,OH,153,5,41494,3.268,12.05,368.728
"Cuyahoga County, Ohio",Cuyahoga County,Ohio,OH,11015,432,1235072,3.922,34.978,891.851
"Darke County, Ohio",Darke County,Ohio,OH,271,26,51113,9.594,50.868,530.198
"Defiance County, Ohio",Defiance County,Ohio,OH,88,4,38087,4.545,10.502,231.05
"Delaware County, Ohio",Delaware County,Ohio,OH,977,15,209177,1.535,7.171,467.069
"Erie County, Ohio",Erie County,Ohio,OH,390,22,74266,5.641,29.623,525.139
"Fairfield County, Ohio",Fairfield County,Ohio,OH,970,18,157574,1.856,11.423,615.584
"Fayette County, Ohio",Fayette County,Ohio,OH,64,0,28525,0,0,224.365
"Franklin County, Ohio",Franklin County,Ohio,OH,14736,478,1316756,3.244,36.301,1119.114
"Fulton County, Ohio",Fulton County,Ohio,OH,102,0,42126,0,0,242.131
"Gallia County, Ohio",Gallia County,Ohio,OH,37,1,29898,2.703,3.345,123.754
"Geauga County, Ohio",Geauga County,Ohio,OH,474,43,93649,9.072,45.916,506.145
"Greene County, Ohio",Greene County,Ohio,OH,503,10,168937,1.988,5.919,297.744
"Guernsey County, Ohio",Guernsey County,Ohio,OH,90,6,38875,6.667,15.434,231.511
"Hamilton County, Ohio",Hamilton County,Ohio,OH,8071,220,817473,2.726,26.912,987.311
"Hancock County, Ohio",Hancock County,Ohio,OH,148,2,75783,1.351,2.639,195.294
"Hardin County, Ohio",Hardin County,Ohio,OH,140,12,31365,8.571,38.259,446.357
"Harrison County, Ohio",Harrison County,Ohio,OH,14,1,15040,7.143,6.649,93.085
"Henry County, Ohio",Henry County,Ohio,OH,78,0,27006,0,0,288.825
"Highland County, Ohio",Highland County,Ohio,OH,83,1,43161,1.205,2.317,192.303
"Hocking County, Ohio",Hocking County,Ohio,OH,98,9,28264,9.184,31.843,346.731
"Holmes County, Ohio",Holmes County,Ohio,OH,297,5,43960,1.684,11.374,675.614
"Huron County, Ohio",Huron County,Ohio,OH,311,3,58266,0.965,5.149,533.759
"Jackson County, Ohio",Jackson County,Ohio,OH,49,0,32413,0,0,151.174
"Jefferson County, Ohio",Jefferson County,Ohio,OH,162,2,65325,1.235,3.062,247.991
"Knox County, Ohio",Knox County,Ohio,OH,95,2,62322,2.105,3.209,152.434
"Lake County, Ohio",Lake County,Ohio,OH,837,25,230149,2.987,10.863,363.677
"Lawrence County, Ohio",Lawrence County,Ohio,OH,162,0,59463,0,0,272.438
"Licking County, Ohio",Licking County,Ohio,OH,808,17,176862,2.104,9.612,456.853
"Logan County, Ohio",Logan County,Ohio,OH,91,1,45672,1.099,2.19,199.247
"Lorain County, Ohio",Lorain County,Ohio,OH,1375,75,309833,5.455,24.207,443.787
"Lucas County, Ohio",Lucas County,Ohio,OH,3742,308,428348,8.231,71.904,873.589
"Madison County, Ohio",Madison County,Ohio,OH,259,9,44731,3.475,20.12,579.017
"Mahoning County, Ohio",Mahoning County,Ohio,OH,2187,247,228683,11.294,108.01,956.346
"Marion County, Ohio",Marion County,Ohio,OH,2805,41,65093,1.462,62.987,4309.219
"Medina County, Ohio",Medina County,Ohio,OH,709,32,179746,4.513,17.803,394.445
"Meigs County, Ohio",Meigs County,Ohio,OH,20,0,22907,0,0,87.31
"Mercer County, Ohio",Mercer County,Ohio,OH,379,11,41172,2.902,26.717,920.529
"Miami County, Ohio",Miami County,Ohio,OH,599,33,106987,5.509,30.845,559.881
"Monroe County, Ohio",Monroe County,Ohio,OH,89,17,13654,19.101,124.506,651.824
"Montgomery County, Ohio",Montgomery County,Ohio,OH,3200,50,531687,1.562,9.404,601.858
"Morgan County, Ohio",Morgan County,Ohio,OH,15,0,14508,0,0,103.391
"Morrow County, Ohio",Morrow County,Ohio,OH,138,1,35328,0.725,2.831,390.625
"Muskingum County, Ohio",Muskingum County,Ohio,OH,125,1,86215,0.8,1.16,144.986
"Noble County, Ohio",Noble County,Ohio,OH,16,0,14424,0,0,110.926
"Ottawa County, Ohio",Ottawa County,Ohio,OH,277,24,40525,8.664,59.223,683.529
"Paulding County, Ohio",Paulding County,Ohio,OH,46,0,18672,0,0,246.358
"Perry County, Ohio",Perry County,Ohio,OH,63,1,36134,1.587,2.767,174.351
"Pickaway County, Ohio",Pickaway County,Ohio,OH,2290,42,58457,1.834,71.848,3917.409
"Pike County, Ohio",Pike County,Ohio,OH,43,0,27772,0,0,154.832
"Portage County, Ohio",Portage County,Ohio,OH,586,59,162466,10.068,36.315,360.691
"Preble County, Ohio",Preble County,Ohio,OH,114,2,40882,1.754,4.892,278.851
"Putnam County, Ohio",Putnam County,Ohio,OH,165,16,33861,9.697,47.252,487.286
"Richland County, Ohio",Richland County,Ohio,OH,461,8,121154,1.735,6.603,380.507
"Ross County, Ohio",Ross County,Ohio,OH,212,5,76666,2.358,6.522,276.524
"Sandusky County, Ohio",Sandusky County,Ohio,OH,240,15,58518,6.25,25.633,410.13
"Scioto County, Ohio",Scioto County,Ohio,OH,110,0,75314,0,0,146.055
"Seneca County, Ohio",Seneca County,Ohio,OH,88,2,55178,2.273,3.625,159.484
"Shelby County, Ohio",Shelby County,Ohio,OH,96,4,48590,4.167,8.232,197.572
"Stark County, Ohio",Stark County,Ohio,OH,1412,121,370606,8.569,32.649,380.998
"Summit County, Ohio",Summit County,Ohio,OH,2712,212,541013,7.817,39.186,501.282
"Trumbull County, Ohio",Trumbull County,Ohio,OH,1210,85,197974,7.025,42.935,611.191
"Tuscarawas County, Ohio",Tuscarawas County,Ohio,OH,694,11,91987,1.585,11.958,754.454
"Union County, Ohio",Union County,Ohio,OH,162,1,58988,0.617,1.695,274.632
"Van Wert County, Ohio",Van Wert County,Ohio,OH,58,1,28275,1.724,3.537,205.128
"Vinton County, Ohio",Vinton County,Ohio,OH,25,2,13085,8,15.285,191.058
"Warren County, Ohio",Warren County,Ohio,OH,1307,28,234602,2.142,11.935,557.114
"Washington County, Ohio",Washington County,Ohio,OH,171,21,59911,12.281,35.052,285.423
"Wayne County, Ohio",Wayne County,Ohio,OH,418,57,115710,13.636,49.261,361.248
"Williams County, Ohio",Williams County,Ohio,OH,96,3,36692,3.125,8.176,261.637
"Wood County, Ohio",Wood County,Ohio,OH,648,54,130817,8.333,41.279,495.348
"Wyandot County, Ohio",Wyandot County,Ohio,OH,74,5,21772,6.757,22.965,339.886
"Statewide Unallocated, Wisconsin",Statewide Unallocated,Wisconsin,WI,0,0,0,NA,NA,NA
"Adams County, Wisconsin",Adams County,Wisconsin,WI,54,2,20220,3.704,9.891,267.062
"Ashland County, Wisconsin",Ashland County,Wisconsin,WI,11,0,15562,0,0,70.685
"Barron County, Wisconsin",Barron County,Wisconsin,WI,82,2,45244,2.439,4.42,181.24
"Bayfield County, Wisconsin",Bayfield County,Wisconsin,WI,14,1,15036,7.143,6.651,93.11
"Brown County, Wisconsin",Brown County,Wisconsin,WI,3629,47,264542,1.295,17.767,1371.805
"Buffalo County, Wisconsin",Buffalo County,Wisconsin,WI,28,2,13031,7.143,15.348,214.872
"Burnett County, Wisconsin",Burnett County,Wisconsin,WI,6,1,15414,16.667,6.488,38.926
"Calumet County, Wisconsin",Calumet County,Wisconsin,WI,192,2,50089,1.042,3.993,383.318
"Chippewa County, Wisconsin",Chippewa County,Wisconsin,WI,172,0,64658,0,0,266.015
"Clark County, Wisconsin",Clark County,Wisconsin,WI,147,7,34774,4.762,20.13,422.73
"Columbia County, Wisconsin",Columbia County,Wisconsin,WI,171,1,57532,0.585,1.738,297.226
"Crawford County, Wisconsin",Crawford County,Wisconsin,WI,49,0,16131,0,0,303.763
"Dane County, Wisconsin",Dane County,Wisconsin,WI,3633,33,546695,0.908,6.036,664.539
"Dodge County, Wisconsin",Dodge County,Wisconsin,WI,584,5,87839,0.856,5.692,664.853
"Door County, Wisconsin",Door County,Wisconsin,WI,75,3,27668,4,10.843,271.071
"Douglas County, Wisconsin",Douglas County,Wisconsin,WI,77,0,43150,0,0,178.447
"Dunn County, Wisconsin",Dunn County,Wisconsin,WI,74,0,45368,0,0,163.111
"Eau Claire County, Wisconsin",Eau Claire County,Wisconsin,WI,409,2,104646,0.489,1.911,390.842
"Florence County, Wisconsin",Florence County,Wisconsin,WI,5,0,4295,0,0,116.414
"Fond du Lac County, Wisconsin",Fond du Lac County,Wisconsin,WI,458,6,103403,1.31,5.803,442.927
"Forest County, Wisconsin",Forest County,Wisconsin,WI,51,4,9004,7.843,44.425,566.415
"Grant County, Wisconsin",Grant County,Wisconsin,WI,256,14,51439,5.469,27.217,497.677
"Green County, Wisconsin",Green County,Wisconsin,WI,118,1,36960,0.847,2.706,319.264
"Green Lake County, Wisconsin",Green Lake County,Wisconsin,WI,49,0,18913,0,0,259.081
"Iowa County, Wisconsin",Iowa County,Wisconsin,WI,54,0,23678,0,0,228.06
"Iron County, Wisconsin",Iron County,Wisconsin,WI,37,1,5687,2.703,17.584,650.607
"Jackson County, Wisconsin",Jackson County,Wisconsin,WI,37,1,20643,2.703,4.844,179.238
"Jefferson County, Wisconsin",Jefferson County,Wisconsin,WI,449,4,84769,0.891,4.719,529.675
"Juneau County, Wisconsin",Juneau County,Wisconsin,WI,80,1,26687,1.25,3.747,299.771
"Kenosha County, Wisconsin",Kenosha County,Wisconsin,WI,2102,47,169561,2.236,27.719,1239.672
"Kewaunee County, Wisconsin",Kewaunee County,Wisconsin,WI,93,1,20434,1.075,4.894,455.124
"La Crosse County, Wisconsin",La Crosse County,Wisconsin,WI,685,1,118016,0.146,0.847,580.43
"Lafayette County, Wisconsin",Lafayette County,Wisconsin,WI,87,0,16665,0,0,522.052
"Langlade County, Wisconsin",Langlade County,Wisconsin,WI,13,1,19189,7.692,5.211,67.747
"Lincoln County, Wisconsin",Lincoln County,Wisconsin,WI,46,0,27593,0,0,166.709
"Manitowoc County, Wisconsin",Manitowoc County,Wisconsin,WI,212,1,78981,0.472,1.266,268.419
"Marathon County, Wisconsin",Marathon County,Wisconsin,WI,410,3,135692,0.732,2.211,302.155
"Marinette County, Wisconsin",Marinette County,Wisconsin,WI,196,3,40350,1.531,7.435,485.75
"Marquette County, Wisconsin",Marquette County,Wisconsin,WI,60,1,15574,1.667,6.421,385.257
"Menominee County, Wisconsin",Menominee County,Wisconsin,WI,10,0,4556,0,0,219.491
"Milwaukee County, Wisconsin",Milwaukee County,Wisconsin,WI,16777,417,945726,2.486,44.093,1773.981
"Monroe County, Wisconsin",Monroe County,Wisconsin,WI,163,1,46253,0.613,2.162,352.41
"Oconto County, Wisconsin",Oconto County,Wisconsin,WI,129,0,37930,0,0,340.1
"Oneida County, Wisconsin",Oneida County,Wisconsin,WI,53,0,35595,0,0,148.897
"Outagamie County, Wisconsin",Outagamie County,Wisconsin,WI,858,11,187885,1.282,5.855,456.662
"Ozaukee County, Wisconsin",Ozaukee County,Wisconsin,WI,422,16,89221,3.791,17.933,472.983
"Pepin County, Wisconsin",Pepin County,Wisconsin,WI,29,0,7287,0,0,397.969
"Pierce County, Wisconsin",Pierce County,Wisconsin,WI,136,0,42754,0,0,318.099
"Polk County, Wisconsin",Polk County,Wisconsin,WI,88,2,43783,2.273,4.568,200.991
"Portage County, Wisconsin",Portage County,Wisconsin,WI,303,0,70772,0,0,428.135
"Price County, Wisconsin",Price County,Wisconsin,WI,16,0,13351,0,0,119.841
"Racine County, Wisconsin",Racine County,Wisconsin,WI,2739,69,196311,2.519,35.148,1395.235
"Richland County, Wisconsin",Richland County,Wisconsin,WI,19,4,17252,21.053,23.186,110.132
"Rock County, Wisconsin",Rock County,Wisconsin,WI,1228,25,163354,2.036,15.304,751.742
"Rusk County, Wisconsin",Rusk County,Wisconsin,WI,13,1,14178,7.692,7.053,91.691
"St. Croix County, Wisconsin",St. Croix County,Wisconsin,WI,346,2,90687,0.578,2.205,381.532
"Sauk County, Wisconsin",Sauk County,Wisconsin,WI,247,3,64442,1.215,4.655,383.29
"Sawyer County, Wisconsin",Sawyer County,Wisconsin,WI,19,0,16558,0,0,114.748
"Shawano County, Wisconsin",Shawano County,Wisconsin,WI,118,0,40899,0,0,288.516
"Sheboygan County, Wisconsin",Sheboygan County,Wisconsin,WI,419,5,115340,1.193,4.335,363.274
"Taylor County, Wisconsin",Taylor County,Wisconsin,WI,34,0,20343,0,0,167.134
"Trempealeau County, Wisconsin",Trempealeau County,Wisconsin,WI,242,1,29649,0.413,3.373,816.216
"Vernon County, Wisconsin",Vernon County,Wisconsin,WI,46,0,30822,0,0,149.244
"Vilas County, Wisconsin",Vilas County,Wisconsin,WI,20,0,22195,0,0,90.11
"Walworth County, Wisconsin",Walworth County,Wisconsin,WI,983,19,103868,1.933,18.292,946.393
"Washburn County, Wisconsin",Washburn County,Wisconsin,WI,8,0,15720,0,0,50.891
"Washington County, Wisconsin",Washington County,Wisconsin,WI,608,19,136034,3.125,13.967,446.947
"Waukesha County, Wisconsin",Waukesha County,Wisconsin,WI,2540,42,404198,1.654,10.391,628.405
"Waupaca County, Wisconsin",Waupaca County,Wisconsin,WI,248,14,50990,5.645,27.456,486.37
"Waushara County, Wisconsin",Waushara County,Wisconsin,WI,57,0,24443,0,0,233.196
"Winnebago County, Wisconsin",Winnebago County,Wisconsin,WI,884,15,171907,1.697,8.726,514.232
"Wood County, Wisconsin",Wood County,Wisconsin,WI,140,1,72999,0.714,1.37,191.783
