County,State,variable,estimate,Hispanic_Latino,Race
Adams, Indiana,B03002_003,32917,No,White alone
Adams, Indiana,B03002_004,392,No,Black or African American alone
Adams, Indiana,B03002_005,6,No,American Indian and Alaska Native alone
Adams, Indiana,B03002_006,133,No,Asian alone
Adams, Indiana,B03002_007,0,No,Native Hawaiian and Other Pacific Islander alone
Adams, Indiana,B03002_008,90,No,Some other race alone
Adams, Indiana,B03002_009,69,No,Two or more races
Adams, Indiana,B03002_013,1143,Yes,White alone
Adams, Indiana,B03002_014,0,Yes,Black or African American alone
Adams, Indiana,B03002_015,17,Yes,American Indian and Alaska Native alone
Adams, Indiana,B03002_016,0,Yes,Asian alone
Adams, Indiana,B03002_017,0,Yes,Native Hawaiian and Other Pacific Islander alone
Adams, Indiana,B03002_018,366,Yes,Some other race alone
Adams, Indiana,B03002_019,62,Yes,Two or more races
Allen, Indiana,B03002_003,274671,No,White alone
Allen, Indiana,B03002_004,41308,No,Black or African American alone
Allen, Indiana,B03002_005,594,No,American Indian and Alaska Native alone
Allen, Indiana,B03002_006,13714,No,Asian alone
Allen, Indiana,B03002_007,140,No,Native Hawaiian and Other Pacific Islander alone
Allen, Indiana,B03002_008,340,No,Some other race alone
Allen, Indiana,B03002_009,12079,No,Two or more races
Allen, Indiana,B03002_013,18541,Yes,White alone
Allen, Indiana,B03002_014,879,Yes,Black or African American alone
Allen, Indiana,B03002_015,98,Yes,American Indian and Alaska Native alone
Allen, Indiana,B03002_016,0,Yes,Asian alone
Allen, Indiana,B03002_017,15,Yes,Native Hawaiian and Other Pacific Islander alone
Allen, Indiana,B03002_018,5629,Yes,Some other race alone
Allen, Indiana,B03002_019,2008,Yes,Two or more races
Bartholomew, Indiana,B03002_003,67423,No,White alone
Bartholomew, Indiana,B03002_004,1419,No,Black or African American alone
Bartholomew, Indiana,B03002_005,173,No,American Indian and Alaska Native alone
Bartholomew, Indiana,B03002_006,5701,No,Asian alone
Bartholomew, Indiana,B03002_007,38,No,Native Hawaiian and Other Pacific Islander alone
Bartholomew, Indiana,B03002_008,218,No,Some other race alone
Bartholomew, Indiana,B03002_009,1498,No,Two or more races
Bartholomew, Indiana,B03002_013,2412,Yes,White alone
Bartholomew, Indiana,B03002_014,206,Yes,Black or African American alone
Bartholomew, Indiana,B03002_015,0,Yes,American Indian and Alaska Native alone
Bartholomew, Indiana,B03002_016,0,Yes,Asian alone
Bartholomew, Indiana,B03002_017,0,Yes,Native Hawaiian and Other Pacific Islander alone
Bartholomew, Indiana,B03002_018,2512,Yes,Some other race alone
Bartholomew, Indiana,B03002_019,293,Yes,Two or more races
Benton, Indiana,B03002_003,8032,No,White alone
Benton, Indiana,B03002_004,49,No,Black or African American alone
Benton, Indiana,B03002_005,1,No,American Indian and Alaska Native alone
Benton, Indiana,B03002_006,15,No,Asian alone
Benton, Indiana,B03002_007,7,No,Native Hawaiian and Other Pacific Islander alone
Benton, Indiana,B03002_008,0,No,Some other race alone
Benton, Indiana,B03002_009,118,No,Two or more races
Benton, Indiana,B03002_013,425,Yes,White alone
Benton, Indiana,B03002_014,0,Yes,Black or African American alone
Benton, Indiana,B03002_015,0,Yes,American Indian and Alaska Native alone
Benton, Indiana,B03002_016,0,Yes,Asian alone
Benton, Indiana,B03002_017,0,Yes,Native Hawaiian and Other Pacific Islander alone
Benton, Indiana,B03002_018,17,Yes,Some other race alone
Benton, Indiana,B03002_019,3,Yes,Two or more races
Blackford, Indiana,B03002_003,11615,No,White alone
Blackford, Indiana,B03002_004,17,No,Black or African American alone
Blackford, Indiana,B03002_005,40,No,American Indian and Alaska Native alone
Blackford, Indiana,B03002_006,48,No,Asian alone
Blackford, Indiana,B03002_007,0,No,Native Hawaiian and Other Pacific Islander alone
Blackford, Indiana,B03002_008,2,No,Some other race alone
Blackford, Indiana,B03002_009,216,No,Two or more races
Blackford, Indiana,B03002_013,188,Yes,White alone
Blackford, Indiana,B03002_014,0,Yes,Black or African American alone
Blackford, Indiana,B03002_015,0,Yes,American Indian and Alaska Native alone
Blackford, Indiana,B03002_016,0,Yes,Asian alone
Blackford, Indiana,B03002_017,0,Yes,Native Hawaiian and Other Pacific Islander alone
Blackford, Indiana,B03002_018,0,Yes,Some other race alone
Blackford, Indiana,B03002_019,3,Yes,Two or more races
Boone, Indiana,B03002_003,58620,No,White alone
Boone, Indiana,B03002_004,1024,No,Black or African American alone
Boone, Indiana,B03002_005,75,No,American Indian and Alaska Native alone
Boone, Indiana,B03002_006,1730,No,Asian alone
Boone, Indiana,B03002_007,0,No,Native Hawaiian and Other Pacific Islander alone
Boone, Indiana,B03002_008,81,No,Some other race alone
Boone, Indiana,B03002_009,949,No,Two or more races
Boone, Indiana,B03002_013,1355,Yes,White alone
Boone, Indiana,B03002_014,0,Yes,Black or African American alone
Boone, Indiana,B03002_015,0,Yes,American Indian and Alaska Native alone
Boone, Indiana,B03002_016,0,Yes,Asian alone
Boone, Indiana,B03002_017,0,Yes,Native Hawaiian and Other Pacific Islander alone
Boone, Indiana,B03002_018,251,Yes,Some other race alone
Boone, Indiana,B03002_019,236,Yes,Two or more races
Brown, Indiana,B03002_003,14392,No,White alone
Brown, Indiana,B03002_004,157,No,Black or African American alone
Brown, Indiana,B03002_005,0,No,American Indian and Alaska Native alone
Brown, Indiana,B03002_006,76,No,Asian alone
Brown, Indiana,B03002_007,0,No,Native Hawaiian and Other Pacific Islander alone
Brown, Indiana,B03002_008,0,No,Some other race alone
Brown, Indiana,B03002_009,160,No,Two or more races
Brown, Indiana,B03002_013,164,Yes,White alone
Brown, Indiana,B03002_014,0,Yes,Black or African American alone
Brown, Indiana,B03002_015,0,Yes,American Indian and Alaska Native alone
Brown, Indiana,B03002_016,10,Yes,Asian alone
Brown, Indiana,B03002_017,0,Yes,Native Hawaiian and Other Pacific Islander alone
Brown, Indiana,B03002_018,37,Yes,Some other race alone
Brown, Indiana,B03002_019,38,Yes,Two or more races
Carroll, Indiana,B03002_003,18811,No,White alone
Carroll, Indiana,B03002_004,88,No,Black or African American alone
Carroll, Indiana,B03002_005,56,No,American Indian and Alaska Native alone
Carroll, Indiana,B03002_006,32,No,Asian alone
Carroll, Indiana,B03002_007,3,No,Native Hawaiian and Other Pacific Islander alone
Carroll, Indiana,B03002_008,36,No,Some other race alone
Carroll, Indiana,B03002_009,181,No,Two or more races
Carroll, Indiana,B03002_013,343,Yes,White alone
Carroll, Indiana,B03002_014,1,Yes,Black or African American alone
Carroll, Indiana,B03002_015,0,Yes,American Indian and Alaska Native alone
Carroll, Indiana,B03002_016,11,Yes,Asian alone
Carroll, Indiana,B03002_017,0,Yes,Native Hawaiian and Other Pacific Islander alone
Carroll, Indiana,B03002_018,380,Yes,Some other race alone
Carroll, Indiana,B03002_019,52,Yes,Two or more races
Cass, Indiana,B03002_003,30638,No,White alone
Cass, Indiana,B03002_004,451,No,Black or African American alone
Cass, Indiana,B03002_005,135,No,American Indian and Alaska Native alone
Cass, Indiana,B03002_006,646,No,Asian alone
Cass, Indiana,B03002_007,6,No,Native Hawaiian and Other Pacific Islander alone
Cass, Indiana,B03002_008,9,No,Some other race alone
Cass, Indiana,B03002_009,532,No,Two or more races
Cass, Indiana,B03002_013,1297,Yes,White alone
Cass, Indiana,B03002_014,12,Yes,Black or African American alone
Cass, Indiana,B03002_015,52,Yes,American Indian and Alaska Native alone
Cass, Indiana,B03002_016,21,Yes,Asian alone
Cass, Indiana,B03002_017,0,Yes,Native Hawaiian and Other Pacific Islander alone
Cass, Indiana,B03002_018,4002,Yes,Some other race alone
Cass, Indiana,B03002_019,283,Yes,Two or more races
Clark, Indiana,B03002_003,96633,No,White alone
Clark, Indiana,B03002_004,7941,No,Black or African American alone
Clark, Indiana,B03002_005,88,No,American Indian and Alaska Native alone
Clark, Indiana,B03002_006,915,No,Asian alone
Clark, Indiana,B03002_007,27,No,Native Hawaiian and Other Pacific Islander alone
Clark, Indiana,B03002_008,186,No,Some other race alone
Clark, Indiana,B03002_009,3765,No,Two or more races
Clark, Indiana,B03002_013,4793,Yes,White alone
Clark, Indiana,B03002_014,40,Yes,Black or African American alone
Clark, Indiana,B03002_015,29,Yes,American Indian and Alaska Native alone
Clark, Indiana,B03002_016,42,Yes,Asian alone
Clark, Indiana,B03002_017,0,Yes,Native Hawaiian and Other Pacific Islander alone
Clark, Indiana,B03002_018,1151,Yes,Some other race alone
Clark, Indiana,B03002_019,92,Yes,Two or more races
Clay, Indiana,B03002_003,25283,No,White alone
Clay, Indiana,B03002_004,202,No,Black or African American alone
Clay, Indiana,B03002_005,25,No,American Indian and Alaska Native alone
Clay, Indiana,B03002_006,63,No,Asian alone
Clay, Indiana,B03002_007,0,No,Native Hawaiian and Other Pacific Islander alone
Clay, Indiana,B03002_008,0,No,Some other race alone
Clay, Indiana,B03002_009,597,No,Two or more races
Clay, Indiana,B03002_013,77,Yes,White alone
Clay, Indiana,B03002_014,0,Yes,Black or African American alone
Clay, Indiana,B03002_015,0,Yes,American Indian and Alaska Native alone
Clay, Indiana,B03002_016,0,Yes,Asian alone
Clay, Indiana,B03002_017,0,Yes,Native Hawaiian and Other Pacific Islander alone
Clay, Indiana,B03002_018,21,Yes,Some other race alone
Clay, Indiana,B03002_019,0,Yes,Two or more races
Clinton, Indiana,B03002_003,26671,No,White alone
Clinton, Indiana,B03002_004,201,No,Black or African American alone
Clinton, Indiana,B03002_005,86,No,American Indian and Alaska Native alone
Clinton, Indiana,B03002_006,102,No,Asian alone
Clinton, Indiana,B03002_007,19,No,Native Hawaiian and Other Pacific Islander alone
Clinton, Indiana,B03002_008,10,No,Some other race alone
Clinton, Indiana,B03002_009,184,No,Two or more races
Clinton, Indiana,B03002_013,3531,Yes,White alone
Clinton, Indiana,B03002_014,154,Yes,Black or African American alone
Clinton, Indiana,B03002_015,5,Yes,American Indian and Alaska Native alone
Clinton, Indiana,B03002_016,0,Yes,Asian alone
Clinton, Indiana,B03002_017,26,Yes,Native Hawaiian and Other Pacific Islander alone
Clinton, Indiana,B03002_018,1210,Yes,Some other race alone
Clinton, Indiana,B03002_019,102,Yes,Two or more races
Crawford, Indiana,B03002_003,10188,No,White alone
Crawford, Indiana,B03002_004,33,No,Black or African American alone
Crawford, Indiana,B03002_005,24,No,American Indian and Alaska Native alone
Crawford, Indiana,B03002_006,0,No,Asian alone
Crawford, Indiana,B03002_007,0,No,Native Hawaiian and Other Pacific Islander alone
Crawford, Indiana,B03002_008,0,No,Some other race alone
Crawford, Indiana,B03002_009,185,No,Two or more races
Crawford, Indiana,B03002_013,108,Yes,White alone
Crawford, Indiana,B03002_014,0,Yes,Black or African American alone
Crawford, Indiana,B03002_015,27,Yes,American Indian and Alaska Native alone
Crawford, Indiana,B03002_016,0,Yes,Asian alone
Crawford, Indiana,B03002_017,0,Yes,Native Hawaiian and Other Pacific Islander alone
Crawford, Indiana,B03002_018,0,Yes,Some other race alone
Crawford, Indiana,B03002_019,16,Yes,Two or more races
Daviess, Indiana,B03002_003,30289,No,White alone
Daviess, Indiana,B03002_004,561,No,Black or African American alone
Daviess, Indiana,B03002_005,10,No,American Indian and Alaska Native alone
Daviess, Indiana,B03002_006,44,No,Asian alone
Daviess, Indiana,B03002_007,10,No,Native Hawaiian and Other Pacific Islander alone
Daviess, Indiana,B03002_008,18,No,Some other race alone
Daviess, Indiana,B03002_009,422,No,Two or more races
Daviess, Indiana,B03002_013,1067,Yes,White alone
Daviess, Indiana,B03002_014,16,Yes,Black or African American alone
Daviess, Indiana,B03002_015,0,Yes,American Indian and Alaska Native alone
Daviess, Indiana,B03002_016,0,Yes,Asian alone
Daviess, Indiana,B03002_017,0,Yes,Native Hawaiian and Other Pacific Islander alone
Daviess, Indiana,B03002_018,500,Yes,Some other race alone
Daviess, Indiana,B03002_019,0,Yes,Two or more races
Dearborn, Indiana,B03002_003,47648,No,White alone
Dearborn, Indiana,B03002_004,419,No,Black or African American alone
Dearborn, Indiana,B03002_005,151,No,American Indian and Alaska Native alone
Dearborn, Indiana,B03002_006,264,No,Asian alone
Dearborn, Indiana,B03002_007,11,No,Native Hawaiian and Other Pacific Islander alone
Dearborn, Indiana,B03002_008,80,No,Some other race alone
Dearborn, Indiana,B03002_009,314,No,Two or more races
Dearborn, Indiana,B03002_013,432,Yes,White alone
Dearborn, Indiana,B03002_014,14,Yes,Black or African American alone
Dearborn, Indiana,B03002_015,0,Yes,American Indian and Alaska Native alone
Dearborn, Indiana,B03002_016,0,Yes,Asian alone
Dearborn, Indiana,B03002_017,0,Yes,Native Hawaiian and Other Pacific Islander alone
Dearborn, Indiana,B03002_018,106,Yes,Some other race alone
Dearborn, Indiana,B03002_019,62,Yes,Two or more races
Decatur, Indiana,B03002_003,25203,No,White alone
Decatur, Indiana,B03002_004,167,No,Black or African American alone
Decatur, Indiana,B03002_005,43,No,American Indian and Alaska Native alone
Decatur, Indiana,B03002_006,362,No,Asian alone
Decatur, Indiana,B03002_007,0,No,Native Hawaiian and Other Pacific Islander alone
Decatur, Indiana,B03002_008,9,No,Some other race alone
Decatur, Indiana,B03002_009,253,No,Two or more races
Decatur, Indiana,B03002_013,406,Yes,White alone
Decatur, Indiana,B03002_014,0,Yes,Black or African American alone
Decatur, Indiana,B03002_015,69,Yes,American Indian and Alaska Native alone
Decatur, Indiana,B03002_016,0,Yes,Asian alone
Decatur, Indiana,B03002_017,0,Yes,Native Hawaiian and Other Pacific Islander alone
Decatur, Indiana,B03002_018,24,Yes,Some other race alone
Decatur, Indiana,B03002_019,16,Yes,Two or more races
DeKalb, Indiana,B03002_003,40599,No,White alone
DeKalb, Indiana,B03002_004,71,No,Black or African American alone
DeKalb, Indiana,B03002_005,35,No,American Indian and Alaska Native alone
DeKalb, Indiana,B03002_006,141,No,Asian alone
DeKalb, Indiana,B03002_007,0,No,Native Hawaiian and Other Pacific Islander alone
DeKalb, Indiana,B03002_008,0,No,Some other race alone
DeKalb, Indiana,B03002_009,670,No,Two or more races
DeKalb, Indiana,B03002_013,942,Yes,White alone
DeKalb, Indiana,B03002_014,43,Yes,Black or African American alone
DeKalb, Indiana,B03002_015,0,Yes,American Indian and Alaska Native alone
DeKalb, Indiana,B03002_016,0,Yes,Asian alone
DeKalb, Indiana,B03002_017,0,Yes,Native Hawaiian and Other Pacific Islander alone
DeKalb, Indiana,B03002_018,131,Yes,Some other race alone
DeKalb, Indiana,B03002_019,72,Yes,Two or more races
Delaware, Indiana,B03002_003,100534,No,White alone
Delaware, Indiana,B03002_004,8254,No,Black or African American alone
Delaware, Indiana,B03002_005,88,No,American Indian and Alaska Native alone
Delaware, Indiana,B03002_006,1728,No,Asian alone
Delaware, Indiana,B03002_007,82,No,Native Hawaiian and Other Pacific Islander alone
Delaware, Indiana,B03002_008,144,No,Some other race alone
Delaware, Indiana,B03002_009,2035,No,Two or more races
Delaware, Indiana,B03002_013,1654,Yes,White alone
Delaware, Indiana,B03002_014,186,Yes,Black or African American alone
Delaware, Indiana,B03002_015,10,Yes,American Indian and Alaska Native alone
Delaware, Indiana,B03002_016,0,Yes,Asian alone
Delaware, Indiana,B03002_017,92,Yes,Native Hawaiian and Other Pacific Islander alone
Delaware, Indiana,B03002_018,401,Yes,Some other race alone
Delaware, Indiana,B03002_019,408,Yes,Two or more races
Dubois, Indiana,B03002_003,38517,No,White alone
Dubois, Indiana,B03002_004,181,No,Black or African American alone
Dubois, Indiana,B03002_005,12,No,American Indian and Alaska Native alone
Dubois, Indiana,B03002_006,295,No,Asian alone
Dubois, Indiana,B03002_007,0,No,Native Hawaiian and Other Pacific Islander alone
Dubois, Indiana,B03002_008,0,No,Some other race alone
Dubois, Indiana,B03002_009,298,No,Two or more races
Dubois, Indiana,B03002_013,1689,Yes,White alone
Dubois, Indiana,B03002_014,8,Yes,Black or African American alone
Dubois, Indiana,B03002_015,101,Yes,American Indian and Alaska Native alone
Dubois, Indiana,B03002_016,0,Yes,Asian alone
Dubois, Indiana,B03002_017,0,Yes,Native Hawaiian and Other Pacific Islander alone
Dubois, Indiana,B03002_018,1072,Yes,Some other race alone
Dubois, Indiana,B03002_019,245,Yes,Two or more races
Elkhart, Indiana,B03002_003,152835,No,White alone
Elkhart, Indiana,B03002_004,10694,No,Black or African American alone
Elkhart, Indiana,B03002_005,265,No,American Indian and Alaska Native alone
Elkhart, Indiana,B03002_006,2156,No,Asian alone
Elkhart, Indiana,B03002_007,83,No,Native Hawaiian and Other Pacific Islander alone
Elkhart, Indiana,B03002_008,599,No,Some other race alone
Elkhart, Indiana,B03002_009,5211,No,Two or more races
Elkhart, Indiana,B03002_013,25187,Yes,White alone
Elkhart, Indiana,B03002_014,26,Yes,Black or African American alone
Elkhart, Indiana,B03002_015,175,Yes,American Indian and Alaska Native alone
Elkhart, Indiana,B03002_016,0,Yes,Asian alone
Elkhart, Indiana,B03002_017,66,Yes,Native Hawaiian and Other Pacific Islander alone
Elkhart, Indiana,B03002_018,4768,Yes,Some other race alone
Elkhart, Indiana,B03002_019,1539,Yes,Two or more races
Fayette, Indiana,B03002_003,22252,No,White alone
Fayette, Indiana,B03002_004,569,No,Black or African American alone
Fayette, Indiana,B03002_005,0,No,American Indian and Alaska Native alone
Fayette, Indiana,B03002_006,44,No,Asian alone
Fayette, Indiana,B03002_007,0,No,Native Hawaiian and Other Pacific Islander alone
Fayette, Indiana,B03002_008,0,No,Some other race alone
Fayette, Indiana,B03002_009,127,No,Two or more races
Fayette, Indiana,B03002_013,156,Yes,White alone
Fayette, Indiana,B03002_014,19,Yes,Black or African American alone
Fayette, Indiana,B03002_015,0,Yes,American Indian and Alaska Native alone
Fayette, Indiana,B03002_016,0,Yes,Asian alone
Fayette, Indiana,B03002_017,0,Yes,Native Hawaiian and Other Pacific Islander alone
Fayette, Indiana,B03002_018,92,Yes,Some other race alone
Fayette, Indiana,B03002_019,0,Yes,Two or more races
Floyd, Indiana,B03002_003,67656,No,White alone
Floyd, Indiana,B03002_004,4002,No,Black or African American alone
Floyd, Indiana,B03002_005,281,No,American Indian and Alaska Native alone
Floyd, Indiana,B03002_006,809,No,Asian alone
Floyd, Indiana,B03002_007,0,No,Native Hawaiian and Other Pacific Islander alone
Floyd, Indiana,B03002_008,55,No,Some other race alone
Floyd, Indiana,B03002_009,1585,No,Two or more races
Floyd, Indiana,B03002_013,1568,Yes,White alone
Floyd, Indiana,B03002_014,120,Yes,Black or African American alone
Floyd, Indiana,B03002_015,9,Yes,American Indian and Alaska Native alone
Floyd, Indiana,B03002_016,0,Yes,Asian alone
Floyd, Indiana,B03002_017,0,Yes,Native Hawaiian and Other Pacific Islander alone
Floyd, Indiana,B03002_018,588,Yes,Some other race alone
Floyd, Indiana,B03002_019,136,Yes,Two or more races
Fountain, Indiana,B03002_003,15732,No,White alone
Fountain, Indiana,B03002_004,60,No,Black or African American alone
Fountain, Indiana,B03002_005,10,No,American Indian and Alaska Native alone
Fountain, Indiana,B03002_006,88,No,Asian alone
Fountain, Indiana,B03002_007,0,No,Native Hawaiian and Other Pacific Islander alone
Fountain, Indiana,B03002_008,0,No,Some other race alone
Fountain, Indiana,B03002_009,190,No,Two or more races
Fountain, Indiana,B03002_013,347,Yes,White alone
Fountain, Indiana,B03002_014,0,Yes,Black or African American alone
Fountain, Indiana,B03002_015,17,Yes,American Indian and Alaska Native alone
Fountain, Indiana,B03002_016,0,Yes,Asian alone
Fountain, Indiana,B03002_017,0,Yes,Native Hawaiian and Other Pacific Islander alone
Fountain, Indiana,B03002_018,42,Yes,Some other race alone
Fountain, Indiana,B03002_019,0,Yes,Two or more races
Franklin, Indiana,B03002_003,22704,No,White alone
Franklin, Indiana,B03002_004,25,No,Black or African American alone
Franklin, Indiana,B03002_005,0,No,American Indian and Alaska Native alone
Franklin, Indiana,B03002_006,63,No,Asian alone
Franklin, Indiana,B03002_007,0,No,Native Hawaiian and Other Pacific Islander alone
Franklin, Indiana,B03002_008,0,No,Some other race alone
Franklin, Indiana,B03002_009,25,No,Two or more races
Franklin, Indiana,B03002_013,13,Yes,White alone
Franklin, Indiana,B03002_014,0,Yes,Black or African American alone
Franklin, Indiana,B03002_015,3,Yes,American Indian and Alaska Native alone
Franklin, Indiana,B03002_016,0,Yes,Asian alone
Franklin, Indiana,B03002_017,0,Yes,Native Hawaiian and Other Pacific Islander alone
Franklin, Indiana,B03002_018,9,Yes,Some other race alone
Franklin, Indiana,B03002_019,0,Yes,Two or more races
Fulton, Indiana,B03002_003,18601,No,White alone
Fulton, Indiana,B03002_004,204,No,Black or African American alone
Fulton, Indiana,B03002_005,93,No,American Indian and Alaska Native alone
Fulton, Indiana,B03002_006,78,No,Asian alone
Fulton, Indiana,B03002_007,12,No,Native Hawaiian and Other Pacific Islander alone
Fulton, Indiana,B03002_008,12,No,Some other race alone
Fulton, Indiana,B03002_009,183,No,Two or more races
Fulton, Indiana,B03002_013,346,Yes,White alone
Fulton, Indiana,B03002_014,0,Yes,Black or African American alone
Fulton, Indiana,B03002_015,0,Yes,American Indian and Alaska Native alone
Fulton, Indiana,B03002_016,10,Yes,Asian alone
Fulton, Indiana,B03002_017,0,Yes,Native Hawaiian and Other Pacific Islander alone
Fulton, Indiana,B03002_018,645,Yes,Some other race alone
Fulton, Indiana,B03002_019,28,Yes,Two or more races
Gibson, Indiana,B03002_003,31602,No,White alone
Gibson, Indiana,B03002_004,658,No,Black or African American alone
Gibson, Indiana,B03002_005,18,No,American Indian and Alaska Native alone
Gibson, Indiana,B03002_006,137,No,Asian alone
Gibson, Indiana,B03002_007,0,No,Native Hawaiian and Other Pacific Islander alone
Gibson, Indiana,B03002_008,21,No,Some other race alone
Gibson, Indiana,B03002_009,637,No,Two or more races
Gibson, Indiana,B03002_013,350,Yes,White alone
Gibson, Indiana,B03002_014,2,Yes,Black or African American alone
Gibson, Indiana,B03002_015,0,Yes,American Indian and Alaska Native alone
Gibson, Indiana,B03002_016,0,Yes,Asian alone
Gibson, Indiana,B03002_017,0,Yes,Native Hawaiian and Other Pacific Islander alone
Gibson, Indiana,B03002_018,145,Yes,Some other race alone
Gibson, Indiana,B03002_019,26,Yes,Two or more races
Grant, Indiana,B03002_003,56999,No,White alone
Grant, Indiana,B03002_004,4890,No,Black or African American alone
Grant, Indiana,B03002_005,112,No,American Indian and Alaska Native alone
Grant, Indiana,B03002_006,547,No,Asian alone
Grant, Indiana,B03002_007,0,No,Native Hawaiian and Other Pacific Islander alone
Grant, Indiana,B03002_008,9,No,Some other race alone
Grant, Indiana,B03002_009,1573,No,Two or more races
Grant, Indiana,B03002_013,2056,Yes,White alone
Grant, Indiana,B03002_014,182,Yes,Black or African American alone
Grant, Indiana,B03002_015,7,Yes,American Indian and Alaska Native alone
Grant, Indiana,B03002_016,0,Yes,Asian alone
Grant, Indiana,B03002_017,0,Yes,Native Hawaiian and Other Pacific Islander alone
Grant, Indiana,B03002_018,426,Yes,Some other race alone
Grant, Indiana,B03002_019,143,Yes,Two or more races
Greene, Indiana,B03002_003,31235,No,White alone
Greene, Indiana,B03002_004,111,No,Black or African American alone
Greene, Indiana,B03002_005,10,No,American Indian and Alaska Native alone
Greene, Indiana,B03002_006,112,No,Asian alone
Greene, Indiana,B03002_007,20,No,Native Hawaiian and Other Pacific Islander alone
Greene, Indiana,B03002_008,0,No,Some other race alone
Greene, Indiana,B03002_009,361,No,Two or more races
Greene, Indiana,B03002_013,344,Yes,White alone
Greene, Indiana,B03002_014,14,Yes,Black or African American alone
Greene, Indiana,B03002_015,3,Yes,American Indian and Alaska Native alone
Greene, Indiana,B03002_016,0,Yes,Asian alone
Greene, Indiana,B03002_017,0,Yes,Native Hawaiian and Other Pacific Islander alone
Greene, Indiana,B03002_018,32,Yes,Some other race alone
Greene, Indiana,B03002_019,53,Yes,Two or more races
Hamilton, Indiana,B03002_003,266078,No,White alone
Hamilton, Indiana,B03002_004,11649,No,Black or African American alone
Hamilton, Indiana,B03002_005,371,No,American Indian and Alaska Native alone
Hamilton, Indiana,B03002_006,18063,No,Asian alone
Hamilton, Indiana,B03002_007,95,No,Native Hawaiian and Other Pacific Islander alone
Hamilton, Indiana,B03002_008,432,No,Some other race alone
Hamilton, Indiana,B03002_009,7127,No,Two or more races
Hamilton, Indiana,B03002_013,9168,Yes,White alone
Hamilton, Indiana,B03002_014,196,Yes,Black or African American alone
Hamilton, Indiana,B03002_015,15,Yes,American Indian and Alaska Native alone
Hamilton, Indiana,B03002_016,147,Yes,Asian alone
Hamilton, Indiana,B03002_017,0,Yes,Native Hawaiian and Other Pacific Islander alone
Hamilton, Indiana,B03002_018,1664,Yes,Some other race alone
Hamilton, Indiana,B03002_019,1090,Yes,Two or more races
Hancock, Indiana,B03002_003,68493,No,White alone
Hancock, Indiana,B03002_004,1549,No,Black or African American alone
Hancock, Indiana,B03002_005,66,No,American Indian and Alaska Native alone
Hancock, Indiana,B03002_006,601,No,Asian alone
Hancock, Indiana,B03002_007,18,No,Native Hawaiian and Other Pacific Islander alone
Hancock, Indiana,B03002_008,75,No,Some other race alone
Hancock, Indiana,B03002_009,1354,No,Two or more races
Hancock, Indiana,B03002_013,1560,Yes,White alone
Hancock, Indiana,B03002_014,0,Yes,Black or African American alone
Hancock, Indiana,B03002_015,14,Yes,American Indian and Alaska Native alone
Hancock, Indiana,B03002_016,2,Yes,Asian alone
Hancock, Indiana,B03002_017,0,Yes,Native Hawaiian and Other Pacific Islander alone
Hancock, Indiana,B03002_018,98,Yes,Some other race alone
Hancock, Indiana,B03002_019,0,Yes,Two or more races
Harrison, Indiana,B03002_003,37888,No,White alone
Harrison, Indiana,B03002_004,309,No,Black or African American alone
Harrison, Indiana,B03002_005,110,No,American Indian and Alaska Native alone
Harrison, Indiana,B03002_006,175,No,Asian alone
Harrison, Indiana,B03002_007,0,No,Native Hawaiian and Other Pacific Islander alone
Harrison, Indiana,B03002_008,104,No,Some other race alone
Harrison, Indiana,B03002_009,396,No,Two or more races
Harrison, Indiana,B03002_013,459,Yes,White alone
Harrison, Indiana,B03002_014,10,Yes,Black or African American alone
Harrison, Indiana,B03002_015,0,Yes,American Indian and Alaska Native alone
Harrison, Indiana,B03002_016,0,Yes,Asian alone
Harrison, Indiana,B03002_017,0,Yes,Native Hawaiian and Other Pacific Islander alone
Harrison, Indiana,B03002_018,261,Yes,Some other race alone
Harrison, Indiana,B03002_019,0,Yes,Two or more races
Hendricks, Indiana,B03002_003,136697,No,White alone
Hendricks, Indiana,B03002_004,10167,No,Black or African American alone
Hendricks, Indiana,B03002_005,270,No,American Indian and Alaska Native alone
Hendricks, Indiana,B03002_006,4430,No,Asian alone
Hendricks, Indiana,B03002_007,15,No,Native Hawaiian and Other Pacific Islander alone
Hendricks, Indiana,B03002_008,744,No,Some other race alone
Hendricks, Indiana,B03002_009,2601,No,Two or more races
Hendricks, Indiana,B03002_013,4512,Yes,White alone
Hendricks, Indiana,B03002_014,456,Yes,Black or African American alone
Hendricks, Indiana,B03002_015,14,Yes,American Indian and Alaska Native alone
Hendricks, Indiana,B03002_016,18,Yes,Asian alone
Hendricks, Indiana,B03002_017,0,Yes,Native Hawaiian and Other Pacific Islander alone
Hendricks, Indiana,B03002_018,880,Yes,Some other race alone
Hendricks, Indiana,B03002_019,136,Yes,Two or more races
Henry, Indiana,B03002_003,45405,No,White alone
Henry, Indiana,B03002_004,1184,No,Black or African American alone
Henry, Indiana,B03002_005,106,No,American Indian and Alaska Native alone
Henry, Indiana,B03002_006,236,No,Asian alone
Henry, Indiana,B03002_007,21,No,Native Hawaiian and Other Pacific Islander alone
Henry, Indiana,B03002_008,74,No,Some other race alone
Henry, Indiana,B03002_009,614,No,Two or more races
Henry, Indiana,B03002_013,540,Yes,White alone
Henry, Indiana,B03002_014,5,Yes,Black or African American alone
Henry, Indiana,B03002_015,27,Yes,American Indian and Alaska Native alone
Henry, Indiana,B03002_016,0,Yes,Asian alone
Henry, Indiana,B03002_017,2,Yes,Native Hawaiian and Other Pacific Islander alone
Henry, Indiana,B03002_018,198,Yes,Some other race alone
Henry, Indiana,B03002_019,71,Yes,Two or more races
Howard, Indiana,B03002_003,70322,No,White alone
Howard, Indiana,B03002_004,5740,No,Black or African American alone
Howard, Indiana,B03002_005,376,No,American Indian and Alaska Native alone
Howard, Indiana,B03002_006,1072,No,Asian alone
Howard, Indiana,B03002_007,18,No,Native Hawaiian and Other Pacific Islander alone
Howard, Indiana,B03002_008,265,No,Some other race alone
Howard, Indiana,B03002_009,1903,No,Two or more races
Howard, Indiana,B03002_013,1714,Yes,White alone
Howard, Indiana,B03002_014,228,Yes,Black or African American alone
Howard, Indiana,B03002_015,71,Yes,American Indian and Alaska Native alone
Howard, Indiana,B03002_016,3,Yes,Asian alone
Howard, Indiana,B03002_017,11,Yes,Native Hawaiian and Other Pacific Islander alone
Howard, Indiana,B03002_018,547,Yes,Some other race alone
Howard, Indiana,B03002_019,117,Yes,Two or more races
Huntington, Indiana,B03002_003,34551,No,White alone
Huntington, Indiana,B03002_004,333,No,Black or African American alone
Huntington, Indiana,B03002_005,148,No,American Indian and Alaska Native alone
Huntington, Indiana,B03002_006,273,No,Asian alone
Huntington, Indiana,B03002_007,17,No,Native Hawaiian and Other Pacific Islander alone
Huntington, Indiana,B03002_008,0,No,Some other race alone
Huntington, Indiana,B03002_009,209,No,Two or more races
Huntington, Indiana,B03002_013,373,Yes,White alone
Huntington, Indiana,B03002_014,24,Yes,Black or African American alone
Huntington, Indiana,B03002_015,0,Yes,American Indian and Alaska Native alone
Huntington, Indiana,B03002_016,0,Yes,Asian alone
Huntington, Indiana,B03002_017,0,Yes,Native Hawaiian and Other Pacific Islander alone
Huntington, Indiana,B03002_018,401,Yes,Some other race alone
Huntington, Indiana,B03002_019,49,Yes,Two or more races
Jackson, Indiana,B03002_003,38994,No,White alone
Jackson, Indiana,B03002_004,471,No,Black or African American alone
Jackson, Indiana,B03002_005,142,No,American Indian and Alaska Native alone
Jackson, Indiana,B03002_006,877,No,Asian alone
Jackson, Indiana,B03002_007,0,No,Native Hawaiian and Other Pacific Islander alone
Jackson, Indiana,B03002_008,58,No,Some other race alone
Jackson, Indiana,B03002_009,493,No,Two or more races
Jackson, Indiana,B03002_013,1177,Yes,White alone
Jackson, Indiana,B03002_014,0,Yes,Black or African American alone
Jackson, Indiana,B03002_015,15,Yes,American Indian and Alaska Native alone
Jackson, Indiana,B03002_016,0,Yes,Asian alone
Jackson, Indiana,B03002_017,0,Yes,Native Hawaiian and Other Pacific Islander alone
Jackson, Indiana,B03002_018,1599,Yes,Some other race alone
Jackson, Indiana,B03002_019,112,Yes,Two or more races
Jasper, Indiana,B03002_003,30653,No,White alone
Jasper, Indiana,B03002_004,254,No,Black or African American alone
Jasper, Indiana,B03002_005,0,No,American Indian and Alaska Native alone
Jasper, Indiana,B03002_006,139,No,Asian alone
Jasper, Indiana,B03002_007,0,No,Native Hawaiian and Other Pacific Islander alone
Jasper, Indiana,B03002_008,0,No,Some other race alone
Jasper, Indiana,B03002_009,404,No,Two or more races
Jasper, Indiana,B03002_013,894,Yes,White alone
Jasper, Indiana,B03002_014,0,Yes,Black or African American alone
Jasper, Indiana,B03002_015,30,Yes,American Indian and Alaska Native alone
Jasper, Indiana,B03002_016,0,Yes,Asian alone
Jasper, Indiana,B03002_017,0,Yes,Native Hawaiian and Other Pacific Islander alone
Jasper, Indiana,B03002_018,741,Yes,Some other race alone
Jasper, Indiana,B03002_019,334,Yes,Two or more races
Jay, Indiana,B03002_003,19944,No,White alone
Jay, Indiana,B03002_004,90,No,Black or African American alone
Jay, Indiana,B03002_005,13,No,American Indian and Alaska Native alone
Jay, Indiana,B03002_006,45,No,Asian alone
Jay, Indiana,B03002_007,1,No,Native Hawaiian and Other Pacific Islander alone
Jay, Indiana,B03002_008,0,No,Some other race alone
Jay, Indiana,B03002_009,260,No,Two or more races
Jay, Indiana,B03002_013,473,Yes,White alone
Jay, Indiana,B03002_014,0,Yes,Black or African American alone
Jay, Indiana,B03002_015,0,Yes,American Indian and Alaska Native alone
Jay, Indiana,B03002_016,0,Yes,Asian alone
Jay, Indiana,B03002_017,0,Yes,Native Hawaiian and Other Pacific Islander alone
Jay, Indiana,B03002_018,128,Yes,Some other race alone
Jay, Indiana,B03002_019,39,Yes,Two or more races
Jefferson, Indiana,B03002_003,29926,No,White alone
Jefferson, Indiana,B03002_004,704,No,Black or African American alone
Jefferson, Indiana,B03002_005,88,No,American Indian and Alaska Native alone
Jefferson, Indiana,B03002_006,247,No,Asian alone
Jefferson, Indiana,B03002_007,0,No,Native Hawaiian and Other Pacific Islander alone
Jefferson, Indiana,B03002_008,54,No,Some other race alone
Jefferson, Indiana,B03002_009,342,No,Two or more races
Jefferson, Indiana,B03002_013,802,Yes,White alone
Jefferson, Indiana,B03002_014,0,Yes,Black or African American alone
Jefferson, Indiana,B03002_015,10,Yes,American Indian and Alaska Native alone
Jefferson, Indiana,B03002_016,0,Yes,Asian alone
Jefferson, Indiana,B03002_017,0,Yes,Native Hawaiian and Other Pacific Islander alone
Jefferson, Indiana,B03002_018,64,Yes,Some other race alone
Jefferson, Indiana,B03002_019,0,Yes,Two or more races
Jennings, Indiana,B03002_003,26400,No,White alone
Jennings, Indiana,B03002_004,314,No,Black or African American alone
Jennings, Indiana,B03002_005,97,No,American Indian and Alaska Native alone
Jennings, Indiana,B03002_006,55,No,Asian alone
Jennings, Indiana,B03002_007,0,No,Native Hawaiian and Other Pacific Islander alone
Jennings, Indiana,B03002_008,0,No,Some other race alone
Jennings, Indiana,B03002_009,198,No,Two or more races
Jennings, Indiana,B03002_013,517,Yes,White alone
Jennings, Indiana,B03002_014,0,Yes,Black or African American alone
Jennings, Indiana,B03002_015,0,Yes,American Indian and Alaska Native alone
Jennings, Indiana,B03002_016,0,Yes,Asian alone
Jennings, Indiana,B03002_017,0,Yes,Native Hawaiian and Other Pacific Islander alone
Jennings, Indiana,B03002_018,146,Yes,Some other race alone
Jennings, Indiana,B03002_019,0,Yes,Two or more races
Johnson, Indiana,B03002_003,135959,No,White alone
Johnson, Indiana,B03002_004,3611,No,Black or African American alone
Johnson, Indiana,B03002_005,210,No,American Indian and Alaska Native alone
Johnson, Indiana,B03002_006,4743,No,Asian alone
Johnson, Indiana,B03002_007,12,No,Native Hawaiian and Other Pacific Islander alone
Johnson, Indiana,B03002_008,255,No,Some other race alone
Johnson, Indiana,B03002_009,1488,No,Two or more races
Johnson, Indiana,B03002_013,3142,Yes,White alone
Johnson, Indiana,B03002_014,132,Yes,Black or African American alone
Johnson, Indiana,B03002_015,29,Yes,American Indian and Alaska Native alone
Johnson, Indiana,B03002_016,0,Yes,Asian alone
Johnson, Indiana,B03002_017,15,Yes,Native Hawaiian and Other Pacific Islander alone
Johnson, Indiana,B03002_018,1524,Yes,Some other race alone
Johnson, Indiana,B03002_019,444,Yes,Two or more races
Knox, Indiana,B03002_003,34727,No,White alone
Knox, Indiana,B03002_004,1070,No,Black or African American alone
Knox, Indiana,B03002_005,36,No,American Indian and Alaska Native alone
Knox, Indiana,B03002_006,299,No,Asian alone
Knox, Indiana,B03002_007,47,No,Native Hawaiian and Other Pacific Islander alone
Knox, Indiana,B03002_008,16,No,Some other race alone
Knox, Indiana,B03002_009,497,No,Two or more races
Knox, Indiana,B03002_013,508,Yes,White alone
Knox, Indiana,B03002_014,12,Yes,Black or African American alone
Knox, Indiana,B03002_015,0,Yes,American Indian and Alaska Native alone
Knox, Indiana,B03002_016,0,Yes,Asian alone
Knox, Indiana,B03002_017,10,Yes,Native Hawaiian and Other Pacific Islander alone
Knox, Indiana,B03002_018,171,Yes,Some other race alone
Knox, Indiana,B03002_019,16,Yes,Two or more races
Kosciusko, Indiana,B03002_003,69436,No,White alone
Kosciusko, Indiana,B03002_004,547,No,Black or African American alone
Kosciusko, Indiana,B03002_005,272,No,American Indian and Alaska Native alone
Kosciusko, Indiana,B03002_006,933,No,Asian alone
Kosciusko, Indiana,B03002_007,12,No,Native Hawaiian and Other Pacific Islander alone
Kosciusko, Indiana,B03002_008,329,No,Some other race alone
Kosciusko, Indiana,B03002_009,1032,No,Two or more races
Kosciusko, Indiana,B03002_013,4563,Yes,White alone
Kosciusko, Indiana,B03002_014,6,Yes,Black or African American alone
Kosciusko, Indiana,B03002_015,0,Yes,American Indian and Alaska Native alone
Kosciusko, Indiana,B03002_016,21,Yes,Asian alone
Kosciusko, Indiana,B03002_017,0,Yes,Native Hawaiian and Other Pacific Islander alone
Kosciusko, Indiana,B03002_018,1455,Yes,Some other race alone
Kosciusko, Indiana,B03002_019,200,Yes,Two or more races
LaGrange, Indiana,B03002_003,36716,No,White alone
LaGrange, Indiana,B03002_004,31,No,Black or African American alone
LaGrange, Indiana,B03002_005,19,No,American Indian and Alaska Native alone
LaGrange, Indiana,B03002_006,67,No,Asian alone
LaGrange, Indiana,B03002_007,5,No,Native Hawaiian and Other Pacific Islander alone
LaGrange, Indiana,B03002_008,10,No,Some other race alone
LaGrange, Indiana,B03002_009,550,No,Two or more races
LaGrange, Indiana,B03002_013,1396,Yes,White alone
LaGrange, Indiana,B03002_014,0,Yes,Black or African American alone
LaGrange, Indiana,B03002_015,0,Yes,American Indian and Alaska Native alone
LaGrange, Indiana,B03002_016,10,Yes,Asian alone
LaGrange, Indiana,B03002_017,0,Yes,Native Hawaiian and Other Pacific Islander alone
LaGrange, Indiana,B03002_018,31,Yes,Some other race alone
LaGrange, Indiana,B03002_019,107,Yes,Two or more races
Lake, Indiana,B03002_003,264358,No,White alone
Lake, Indiana,B03002_004,115090,No,Black or African American alone
Lake, Indiana,B03002_005,893,No,American Indian and Alaska Native alone
Lake, Indiana,B03002_006,6540,No,Asian alone
Lake, Indiana,B03002_007,105,No,Native Hawaiian and Other Pacific Islander alone
Lake, Indiana,B03002_008,721,No,Some other race alone
Lake, Indiana,B03002_009,8188,No,Two or more races
Lake, Indiana,B03002_013,35444,Yes,White alone
Lake, Indiana,B03002_014,1618,Yes,Black or African American alone
Lake, Indiana,B03002_015,386,Yes,American Indian and Alaska Native alone
Lake, Indiana,B03002_016,163,Yes,Asian alone
Lake, Indiana,B03002_017,27,Yes,Native Hawaiian and Other Pacific Islander alone
Lake, Indiana,B03002_018,45502,Yes,Some other race alone
Lake, Indiana,B03002_019,7814,Yes,Two or more races
LaPorte, Indiana,B03002_003,87918,No,White alone
LaPorte, Indiana,B03002_004,12154,No,Black or African American alone
LaPorte, Indiana,B03002_005,318,No,American Indian and Alaska Native alone
LaPorte, Indiana,B03002_006,612,No,Asian alone
LaPorte, Indiana,B03002_007,5,No,Native Hawaiian and Other Pacific Islander alone
LaPorte, Indiana,B03002_008,92,No,Some other race alone
LaPorte, Indiana,B03002_009,2317,No,Two or more races
LaPorte, Indiana,B03002_013,3596,Yes,White alone
LaPorte, Indiana,B03002_014,124,Yes,Black or African American alone
LaPorte, Indiana,B03002_015,31,Yes,American Indian and Alaska Native alone
LaPorte, Indiana,B03002_016,19,Yes,Asian alone
LaPorte, Indiana,B03002_017,22,Yes,Native Hawaiian and Other Pacific Islander alone
LaPorte, Indiana,B03002_018,2280,Yes,Some other race alone
LaPorte, Indiana,B03002_019,1064,Yes,Two or more races
Lawrence, Indiana,B03002_003,43677,No,White alone
Lawrence, Indiana,B03002_004,163,No,Black or African American alone
Lawrence, Indiana,B03002_005,248,No,American Indian and Alaska Native alone
Lawrence, Indiana,B03002_006,206,No,Asian alone
Lawrence, Indiana,B03002_007,17,No,Native Hawaiian and Other Pacific Islander alone
Lawrence, Indiana,B03002_008,17,No,Some other race alone
Lawrence, Indiana,B03002_009,548,No,Two or more races
Lawrence, Indiana,B03002_013,361,Yes,White alone
Lawrence, Indiana,B03002_014,0,Yes,Black or African American alone
Lawrence, Indiana,B03002_015,15,Yes,American Indian and Alaska Native alone
Lawrence, Indiana,B03002_016,0,Yes,Asian alone
Lawrence, Indiana,B03002_017,0,Yes,Native Hawaiian and Other Pacific Islander alone
Lawrence, Indiana,B03002_018,200,Yes,Some other race alone
Lawrence, Indiana,B03002_019,167,Yes,Two or more races
Madison, Indiana,B03002_003,110235,No,White alone
Madison, Indiana,B03002_004,9989,No,Black or African American alone
Madison, Indiana,B03002_005,230,No,American Indian and Alaska Native alone
Madison, Indiana,B03002_006,758,No,Asian alone
Madison, Indiana,B03002_007,12,No,Native Hawaiian and Other Pacific Islander alone
Madison, Indiana,B03002_008,90,No,Some other race alone
Madison, Indiana,B03002_009,3117,No,Two or more races
Madison, Indiana,B03002_013,3533,Yes,White alone
Madison, Indiana,B03002_014,194,Yes,Black or African American alone
Madison, Indiana,B03002_015,65,Yes,American Indian and Alaska Native alone
Madison, Indiana,B03002_016,4,Yes,Asian alone
Madison, Indiana,B03002_017,0,Yes,Native Hawaiian and Other Pacific Islander alone
Madison, Indiana,B03002_018,1003,Yes,Some other race alone
Madison, Indiana,B03002_019,275,Yes,Two or more races
Marion, Indiana,B03002_003,528704,No,White alone
Marion, Indiana,B03002_004,259571,No,Black or African American alone
Marion, Indiana,B03002_005,1827,No,American Indian and Alaska Native alone
Marion, Indiana,B03002_006,29015,No,Asian alone
Marion, Indiana,B03002_007,245,No,Native Hawaiian and Other Pacific Islander alone
Marion, Indiana,B03002_008,2630,No,Some other race alone
Marion, Indiana,B03002_009,26271,No,Two or more races
Marion, Indiana,B03002_013,59457,Yes,White alone
Marion, Indiana,B03002_014,2153,Yes,Black or African American alone
Marion, Indiana,B03002_015,620,Yes,American Indian and Alaska Native alone
Marion, Indiana,B03002_016,352,Yes,Asian alone
Marion, Indiana,B03002_017,264,Yes,Native Hawaiian and Other Pacific Islander alone
Marion, Indiana,B03002_018,29030,Yes,Some other race alone
Marion, Indiana,B03002_019,4384,Yes,Two or more races
Marshall, Indiana,B03002_003,40816,No,White alone
Marshall, Indiana,B03002_004,374,No,Black or African American alone
Marshall, Indiana,B03002_005,5,No,American Indian and Alaska Native alone
Marshall, Indiana,B03002_006,224,No,Asian alone
Marshall, Indiana,B03002_007,0,No,Native Hawaiian and Other Pacific Islander alone
Marshall, Indiana,B03002_008,3,No,Some other race alone
Marshall, Indiana,B03002_009,588,No,Two or more races
Marshall, Indiana,B03002_013,2507,Yes,White alone
Marshall, Indiana,B03002_014,69,Yes,Black or African American alone
Marshall, Indiana,B03002_015,64,Yes,American Indian and Alaska Native alone
Marshall, Indiana,B03002_016,0,Yes,Asian alone
Marshall, Indiana,B03002_017,0,Yes,Native Hawaiian and Other Pacific Islander alone
Marshall, Indiana,B03002_018,1677,Yes,Some other race alone
Marshall, Indiana,B03002_019,268,Yes,Two or more races
Martin, Indiana,B03002_003,9913,No,White alone
Martin, Indiana,B03002_004,80,No,Black or African American alone
Martin, Indiana,B03002_005,34,No,American Indian and Alaska Native alone
Martin, Indiana,B03002_006,13,No,Asian alone
Martin, Indiana,B03002_007,0,No,Native Hawaiian and Other Pacific Islander alone
Martin, Indiana,B03002_008,9,No,Some other race alone
Martin, Indiana,B03002_009,54,No,Two or more races
Martin, Indiana,B03002_013,104,Yes,White alone
Martin, Indiana,B03002_014,0,Yes,Black or African American alone
Martin, Indiana,B03002_015,0,Yes,American Indian and Alaska Native alone
Martin, Indiana,B03002_016,0,Yes,Asian alone
Martin, Indiana,B03002_017,0,Yes,Native Hawaiian and Other Pacific Islander alone
Martin, Indiana,B03002_018,3,Yes,Some other race alone
Martin, Indiana,B03002_019,0,Yes,Two or more races
Miami, Indiana,B03002_003,31959,No,White alone
Miami, Indiana,B03002_004,1841,No,Black or African American alone
Miami, Indiana,B03002_005,267,No,American Indian and Alaska Native alone
Miami, Indiana,B03002_006,180,No,Asian alone
Miami, Indiana,B03002_007,29,No,Native Hawaiian and Other Pacific Islander alone
Miami, Indiana,B03002_008,12,No,Some other race alone
Miami, Indiana,B03002_009,504,No,Two or more races
Miami, Indiana,B03002_013,608,Yes,White alone
Miami, Indiana,B03002_014,23,Yes,Black or African American alone
Miami, Indiana,B03002_015,0,Yes,American Indian and Alaska Native alone
Miami, Indiana,B03002_016,0,Yes,Asian alone
Miami, Indiana,B03002_017,0,Yes,Native Hawaiian and Other Pacific Islander alone
Miami, Indiana,B03002_018,401,Yes,Some other race alone
Miami, Indiana,B03002_019,77,Yes,Two or more races
Monroe, Indiana,B03002_003,121893,No,White alone
Monroe, Indiana,B03002_004,4227,No,Black or African American alone
Monroe, Indiana,B03002_005,289,No,American Indian and Alaska Native alone
Monroe, Indiana,B03002_006,9529,No,Asian alone
Monroe, Indiana,B03002_007,19,No,Native Hawaiian and Other Pacific Islander alone
Monroe, Indiana,B03002_008,75,No,Some other race alone
Monroe, Indiana,B03002_009,4476,No,Two or more races
Monroe, Indiana,B03002_013,3417,Yes,White alone
Monroe, Indiana,B03002_014,135,Yes,Black or African American alone
Monroe, Indiana,B03002_015,55,Yes,American Indian and Alaska Native alone
Monroe, Indiana,B03002_016,0,Yes,Asian alone
Monroe, Indiana,B03002_017,0,Yes,Native Hawaiian and Other Pacific Islander alone
Monroe, Indiana,B03002_018,729,Yes,Some other race alone
Monroe, Indiana,B03002_019,559,Yes,Two or more races
Montgomery, Indiana,B03002_003,35246,No,White alone
Montgomery, Indiana,B03002_004,303,No,Black or African American alone
Montgomery, Indiana,B03002_005,74,No,American Indian and Alaska Native alone
Montgomery, Indiana,B03002_006,314,No,Asian alone
Montgomery, Indiana,B03002_007,8,No,Native Hawaiian and Other Pacific Islander alone
Montgomery, Indiana,B03002_008,7,No,Some other race alone
Montgomery, Indiana,B03002_009,497,No,Two or more races
Montgomery, Indiana,B03002_013,1399,Yes,White alone
Montgomery, Indiana,B03002_014,0,Yes,Black or African American alone
Montgomery, Indiana,B03002_015,1,Yes,American Indian and Alaska Native alone
Montgomery, Indiana,B03002_016,0,Yes,Asian alone
Montgomery, Indiana,B03002_017,0,Yes,Native Hawaiian and Other Pacific Islander alone
Montgomery, Indiana,B03002_018,139,Yes,Some other race alone
Montgomery, Indiana,B03002_019,288,Yes,Two or more races
Morgan, Indiana,B03002_003,67069,No,White alone
Morgan, Indiana,B03002_004,212,No,Black or African American alone
Morgan, Indiana,B03002_005,46,No,American Indian and Alaska Native alone
Morgan, Indiana,B03002_006,485,No,Asian alone
Morgan, Indiana,B03002_007,0,No,Native Hawaiian and Other Pacific Islander alone
Morgan, Indiana,B03002_008,12,No,Some other race alone
Morgan, Indiana,B03002_009,850,No,Two or more races
Morgan, Indiana,B03002_013,911,Yes,White alone
Morgan, Indiana,B03002_014,0,Yes,Black or African American alone
Morgan, Indiana,B03002_015,0,Yes,American Indian and Alaska Native alone
Morgan, Indiana,B03002_016,20,Yes,Asian alone
Morgan, Indiana,B03002_017,0,Yes,Native Hawaiian and Other Pacific Islander alone
Morgan, Indiana,B03002_018,97,Yes,Some other race alone
Morgan, Indiana,B03002_019,25,Yes,Two or more races
Newton, Indiana,B03002_003,13069,No,White alone
Newton, Indiana,B03002_004,37,No,Black or African American alone
Newton, Indiana,B03002_005,14,No,American Indian and Alaska Native alone
Newton, Indiana,B03002_006,0,No,Asian alone
Newton, Indiana,B03002_007,0,No,Native Hawaiian and Other Pacific Islander alone
Newton, Indiana,B03002_008,0,No,Some other race alone
Newton, Indiana,B03002_009,30,No,Two or more races
Newton, Indiana,B03002_013,507,Yes,White alone
Newton, Indiana,B03002_014,0,Yes,Black or African American alone
Newton, Indiana,B03002_015,0,Yes,American Indian and Alaska Native alone
Newton, Indiana,B03002_016,0,Yes,Asian alone
Newton, Indiana,B03002_017,0,Yes,Native Hawaiian and Other Pacific Islander alone
Newton, Indiana,B03002_018,283,Yes,Some other race alone
Newton, Indiana,B03002_019,78,Yes,Two or more races
Noble, Indiana,B03002_003,41384,No,White alone
Noble, Indiana,B03002_004,243,No,Black or African American alone
Noble, Indiana,B03002_005,21,No,American Indian and Alaska Native alone
Noble, Indiana,B03002_006,302,No,Asian alone
Noble, Indiana,B03002_007,0,No,Native Hawaiian and Other Pacific Islander alone
Noble, Indiana,B03002_008,0,No,Some other race alone
Noble, Indiana,B03002_009,643,No,Two or more races
Noble, Indiana,B03002_013,4548,Yes,White alone
Noble, Indiana,B03002_014,0,Yes,Black or African American alone
Noble, Indiana,B03002_015,0,Yes,American Indian and Alaska Native alone
Noble, Indiana,B03002_016,5,Yes,Asian alone
Noble, Indiana,B03002_017,0,Yes,Native Hawaiian and Other Pacific Islander alone
Noble, Indiana,B03002_018,158,Yes,Some other race alone
Noble, Indiana,B03002_019,147,Yes,Two or more races
Ohio, Indiana,B03002_003,5693,No,White alone
Ohio, Indiana,B03002_004,68,No,Black or African American alone
Ohio, Indiana,B03002_005,5,No,American Indian and Alaska Native alone
Ohio, Indiana,B03002_006,24,No,Asian alone
Ohio, Indiana,B03002_007,0,No,Native Hawaiian and Other Pacific Islander alone
Ohio, Indiana,B03002_008,0,No,Some other race alone
Ohio, Indiana,B03002_009,33,No,Two or more races
Ohio, Indiana,B03002_013,32,Yes,White alone
Ohio, Indiana,B03002_014,0,Yes,Black or African American alone
Ohio, Indiana,B03002_015,0,Yes,American Indian and Alaska Native alone
Ohio, Indiana,B03002_016,0,Yes,Asian alone
Ohio, Indiana,B03002_017,0,Yes,Native Hawaiian and Other Pacific Islander alone
Ohio, Indiana,B03002_018,32,Yes,Some other race alone
Ohio, Indiana,B03002_019,0,Yes,Two or more races
Orange, Indiana,B03002_003,18641,No,White alone
Orange, Indiana,B03002_004,260,No,Black or African American alone
Orange, Indiana,B03002_005,22,No,American Indian and Alaska Native alone
Orange, Indiana,B03002_006,99,No,Asian alone
Orange, Indiana,B03002_007,0,No,Native Hawaiian and Other Pacific Islander alone
Orange, Indiana,B03002_008,0,No,Some other race alone
Orange, Indiana,B03002_009,224,No,Two or more races
Orange, Indiana,B03002_013,201,Yes,White alone
Orange, Indiana,B03002_014,0,Yes,Black or African American alone
Orange, Indiana,B03002_015,0,Yes,American Indian and Alaska Native alone
Orange, Indiana,B03002_016,3,Yes,Asian alone
Orange, Indiana,B03002_017,0,Yes,Native Hawaiian and Other Pacific Islander alone
Orange, Indiana,B03002_018,91,Yes,Some other race alone
Orange, Indiana,B03002_019,6,Yes,Two or more races
Owen, Indiana,B03002_003,20097,No,White alone
Owen, Indiana,B03002_004,100,No,Black or African American alone
Owen, Indiana,B03002_005,50,No,American Indian and Alaska Native alone
Owen, Indiana,B03002_006,97,No,Asian alone
Owen, Indiana,B03002_007,0,No,Native Hawaiian and Other Pacific Islander alone
Owen, Indiana,B03002_008,0,No,Some other race alone
Owen, Indiana,B03002_009,275,No,Two or more races
Owen, Indiana,B03002_013,161,Yes,White alone
Owen, Indiana,B03002_014,59,Yes,Black or African American alone
Owen, Indiana,B03002_015,0,Yes,American Indian and Alaska Native alone
Owen, Indiana,B03002_016,0,Yes,Asian alone
Owen, Indiana,B03002_017,0,Yes,Native Hawaiian and Other Pacific Islander alone
Owen, Indiana,B03002_018,0,Yes,Some other race alone
Owen, Indiana,B03002_019,39,Yes,Two or more races
Parke, Indiana,B03002_003,16085,No,White alone
Parke, Indiana,B03002_004,67,No,Black or African American alone
Parke, Indiana,B03002_005,33,No,American Indian and Alaska Native alone
Parke, Indiana,B03002_006,0,No,Asian alone
Parke, Indiana,B03002_007,142,No,Native Hawaiian and Other Pacific Islander alone
Parke, Indiana,B03002_008,8,No,Some other race alone
Parke, Indiana,B03002_009,399,No,Two or more races
Parke, Indiana,B03002_013,131,Yes,White alone
Parke, Indiana,B03002_014,0,Yes,Black or African American alone
Parke, Indiana,B03002_015,0,Yes,American Indian and Alaska Native alone
Parke, Indiana,B03002_016,0,Yes,Asian alone
Parke, Indiana,B03002_017,0,Yes,Native Hawaiian and Other Pacific Islander alone
Parke, Indiana,B03002_018,131,Yes,Some other race alone
Parke, Indiana,B03002_019,0,Yes,Two or more races
Perry, Indiana,B03002_003,18035,No,White alone
Perry, Indiana,B03002_004,546,No,Black or African American alone
Perry, Indiana,B03002_005,34,No,American Indian and Alaska Native alone
Perry, Indiana,B03002_006,95,No,Asian alone
Perry, Indiana,B03002_007,0,No,Native Hawaiian and Other Pacific Islander alone
Perry, Indiana,B03002_008,8,No,Some other race alone
Perry, Indiana,B03002_009,163,No,Two or more races
Perry, Indiana,B03002_013,96,Yes,White alone
Perry, Indiana,B03002_014,31,Yes,Black or African American alone
Perry, Indiana,B03002_015,0,Yes,American Indian and Alaska Native alone
Perry, Indiana,B03002_016,0,Yes,Asian alone
Perry, Indiana,B03002_017,0,Yes,Native Hawaiian and Other Pacific Islander alone
Perry, Indiana,B03002_018,36,Yes,Some other race alone
Perry, Indiana,B03002_019,97,Yes,Two or more races
Pike, Indiana,B03002_003,11977,No,White alone
Pike, Indiana,B03002_004,125,No,Black or African American alone
Pike, Indiana,B03002_005,0,No,American Indian and Alaska Native alone
Pike, Indiana,B03002_006,91,No,Asian alone
Pike, Indiana,B03002_007,0,No,Native Hawaiian and Other Pacific Islander alone
Pike, Indiana,B03002_008,0,No,Some other race alone
Pike, Indiana,B03002_009,117,No,Two or more races
Pike, Indiana,B03002_013,48,Yes,White alone
Pike, Indiana,B03002_014,0,Yes,Black or African American alone
Pike, Indiana,B03002_015,0,Yes,American Indian and Alaska Native alone
Pike, Indiana,B03002_016,0,Yes,Asian alone
Pike, Indiana,B03002_017,0,Yes,Native Hawaiian and Other Pacific Islander alone
Pike, Indiana,B03002_018,53,Yes,Some other race alone
Pike, Indiana,B03002_019,0,Yes,Two or more races
Porter, Indiana,B03002_003,140490,No,White alone
Porter, Indiana,B03002_004,5620,No,Black or African American alone
Porter, Indiana,B03002_005,277,No,American Indian and Alaska Native alone
Porter, Indiana,B03002_006,2294,No,Asian alone
Porter, Indiana,B03002_007,121,No,Native Hawaiian and Other Pacific Islander alone
Porter, Indiana,B03002_008,72,No,Some other race alone
Porter, Indiana,B03002_009,2718,No,Two or more races
Porter, Indiana,B03002_013,12674,Yes,White alone
Porter, Indiana,B03002_014,514,Yes,Black or African American alone
Porter, Indiana,B03002_015,10,Yes,American Indian and Alaska Native alone
Porter, Indiana,B03002_016,0,Yes,Asian alone
Porter, Indiana,B03002_017,29,Yes,Native Hawaiian and Other Pacific Islander alone
Porter, Indiana,B03002_018,2103,Yes,Some other race alone
Porter, Indiana,B03002_019,1119,Yes,Two or more races
Posey, Indiana,B03002_003,24570,No,White alone
Posey, Indiana,B03002_004,377,No,Black or African American alone
Posey, Indiana,B03002_005,7,No,American Indian and Alaska Native alone
Posey, Indiana,B03002_006,110,No,Asian alone
Posey, Indiana,B03002_007,0,No,Native Hawaiian and Other Pacific Islander alone
Posey, Indiana,B03002_008,0,No,Some other race alone
Posey, Indiana,B03002_009,229,No,Two or more races
Posey, Indiana,B03002_013,67,Yes,White alone
Posey, Indiana,B03002_014,127,Yes,Black or African American alone
Posey, Indiana,B03002_015,0,Yes,American Indian and Alaska Native alone
Posey, Indiana,B03002_016,8,Yes,Asian alone
Posey, Indiana,B03002_017,0,Yes,Native Hawaiian and Other Pacific Islander alone
Posey, Indiana,B03002_018,53,Yes,Some other race alone
Posey, Indiana,B03002_019,41,Yes,Two or more races
Pulaski, Indiana,B03002_003,11962,No,White alone
Pulaski, Indiana,B03002_004,43,No,Black or African American alone
Pulaski, Indiana,B03002_005,18,No,American Indian and Alaska Native alone
Pulaski, Indiana,B03002_006,80,No,Asian alone
Pulaski, Indiana,B03002_007,0,No,Native Hawaiian and Other Pacific Islander alone
Pulaski, Indiana,B03002_008,0,No,Some other race alone
Pulaski, Indiana,B03002_009,185,No,Two or more races
Pulaski, Indiana,B03002_013,123,Yes,White alone
Pulaski, Indiana,B03002_014,18,Yes,Black or African American alone
Pulaski, Indiana,B03002_015,8,Yes,American Indian and Alaska Native alone
Pulaski, Indiana,B03002_016,0,Yes,Asian alone
Pulaski, Indiana,B03002_017,0,Yes,Native Hawaiian and Other Pacific Islander alone
Pulaski, Indiana,B03002_018,185,Yes,Some other race alone
Pulaski, Indiana,B03002_019,38,Yes,Two or more races
Putnam, Indiana,B03002_003,34494,No,White alone
Putnam, Indiana,B03002_004,1001,No,Black or African American alone
Putnam, Indiana,B03002_005,56,No,American Indian and Alaska Native alone
Putnam, Indiana,B03002_006,706,No,Asian alone
Putnam, Indiana,B03002_007,9,No,Native Hawaiian and Other Pacific Islander alone
Putnam, Indiana,B03002_008,5,No,Some other race alone
Putnam, Indiana,B03002_009,572,No,Two or more races
Putnam, Indiana,B03002_013,526,Yes,White alone
Putnam, Indiana,B03002_014,19,Yes,Black or African American alone
Putnam, Indiana,B03002_015,0,Yes,American Indian and Alaska Native alone
Putnam, Indiana,B03002_016,0,Yes,Asian alone
Putnam, Indiana,B03002_017,0,Yes,Native Hawaiian and Other Pacific Islander alone
Putnam, Indiana,B03002_018,152,Yes,Some other race alone
Putnam, Indiana,B03002_019,19,Yes,Two or more races
Randolph, Indiana,B03002_003,23428,No,White alone
Randolph, Indiana,B03002_004,170,No,Black or African American alone
Randolph, Indiana,B03002_005,34,No,American Indian and Alaska Native alone
Randolph, Indiana,B03002_006,27,No,Asian alone
Randolph, Indiana,B03002_007,0,No,Native Hawaiian and Other Pacific Islander alone
Randolph, Indiana,B03002_008,189,No,Some other race alone
Randolph, Indiana,B03002_009,383,No,Two or more races
Randolph, Indiana,B03002_013,631,Yes,White alone
Randolph, Indiana,B03002_014,0,Yes,Black or African American alone
Randolph, Indiana,B03002_015,11,Yes,American Indian and Alaska Native alone
Randolph, Indiana,B03002_016,0,Yes,Asian alone
Randolph, Indiana,B03002_017,0,Yes,Native Hawaiian and Other Pacific Islander alone
Randolph, Indiana,B03002_018,123,Yes,Some other race alone
Randolph, Indiana,B03002_019,80,Yes,Two or more races
Ripley, Indiana,B03002_003,27146,No,White alone
Ripley, Indiana,B03002_004,144,No,Black or African American alone
Ripley, Indiana,B03002_005,97,No,American Indian and Alaska Native alone
Ripley, Indiana,B03002_006,252,No,Asian alone
Ripley, Indiana,B03002_007,0,No,Native Hawaiian and Other Pacific Islander alone
Ripley, Indiana,B03002_008,34,No,Some other race alone
Ripley, Indiana,B03002_009,240,No,Two or more races
Ripley, Indiana,B03002_013,447,Yes,White alone
Ripley, Indiana,B03002_014,0,Yes,Black or African American alone
Ripley, Indiana,B03002_015,19,Yes,American Indian and Alaska Native alone
Ripley, Indiana,B03002_016,0,Yes,Asian alone
Ripley, Indiana,B03002_017,0,Yes,Native Hawaiian and Other Pacific Islander alone
Ripley, Indiana,B03002_018,41,Yes,Some other race alone
Ripley, Indiana,B03002_019,5,Yes,Two or more races
Rush, Indiana,B03002_003,16006,No,White alone
Rush, Indiana,B03002_004,257,No,Black or African American alone
Rush, Indiana,B03002_005,0,No,American Indian and Alaska Native alone
Rush, Indiana,B03002_006,21,No,Asian alone
Rush, Indiana,B03002_007,0,No,Native Hawaiian and Other Pacific Islander alone
Rush, Indiana,B03002_008,16,No,Some other race alone
Rush, Indiana,B03002_009,138,No,Two or more races
Rush, Indiana,B03002_013,217,Yes,White alone
Rush, Indiana,B03002_014,7,Yes,Black or African American alone
Rush, Indiana,B03002_015,0,Yes,American Indian and Alaska Native alone
Rush, Indiana,B03002_016,0,Yes,Asian alone
Rush, Indiana,B03002_017,0,Yes,Native Hawaiian and Other Pacific Islander alone
Rush, Indiana,B03002_018,30,Yes,Some other race alone
Rush, Indiana,B03002_019,12,Yes,Two or more races
St. Joseph, Indiana,B03002_003,196732,No,White alone
St. Joseph, Indiana,B03002_004,34488,No,Black or African American alone
St. Joseph, Indiana,B03002_005,766,No,American Indian and Alaska Native alone
St. Joseph, Indiana,B03002_006,6037,No,Asian alone
St. Joseph, Indiana,B03002_007,227,No,Native Hawaiian and Other Pacific Islander alone
St. Joseph, Indiana,B03002_008,421,No,Some other race alone
St. Joseph, Indiana,B03002_009,7668,No,Two or more races
St. Joseph, Indiana,B03002_013,14998,Yes,White alone
St. Joseph, Indiana,B03002_014,477,Yes,Black or African American alone
St. Joseph, Indiana,B03002_015,489,Yes,American Indian and Alaska Native alone
St. Joseph, Indiana,B03002_016,126,Yes,Asian alone
St. Joseph, Indiana,B03002_017,16,Yes,Native Hawaiian and Other Pacific Islander alone
St. Joseph, Indiana,B03002_018,5367,Yes,Some other race alone
St. Joseph, Indiana,B03002_019,1428,Yes,Two or more races
Scott, Indiana,B03002_003,22689,No,White alone
Scott, Indiana,B03002_004,60,No,Black or African American alone
Scott, Indiana,B03002_005,66,No,American Indian and Alaska Native alone
Scott, Indiana,B03002_006,129,No,Asian alone
Scott, Indiana,B03002_007,0,No,Native Hawaiian and Other Pacific Islander alone
Scott, Indiana,B03002_008,11,No,Some other race alone
Scott, Indiana,B03002_009,267,No,Two or more races
Scott, Indiana,B03002_013,460,Yes,White alone
Scott, Indiana,B03002_014,0,Yes,Black or African American alone
Scott, Indiana,B03002_015,0,Yes,American Indian and Alaska Native alone
Scott, Indiana,B03002_016,0,Yes,Asian alone
Scott, Indiana,B03002_017,0,Yes,Native Hawaiian and Other Pacific Islander alone
Scott, Indiana,B03002_018,61,Yes,Some other race alone
Scott, Indiana,B03002_019,0,Yes,Two or more races
Shelby, Indiana,B03002_003,41011,No,White alone
Shelby, Indiana,B03002_004,481,No,Black or African American alone
Shelby, Indiana,B03002_005,41,No,American Indian and Alaska Native alone
Shelby, Indiana,B03002_006,290,No,Asian alone
Shelby, Indiana,B03002_007,0,No,Native Hawaiian and Other Pacific Islander alone
Shelby, Indiana,B03002_008,104,No,Some other race alone
Shelby, Indiana,B03002_009,628,No,Two or more races
Shelby, Indiana,B03002_013,884,Yes,White alone
Shelby, Indiana,B03002_014,0,Yes,Black or African American alone
Shelby, Indiana,B03002_015,16,Yes,American Indian and Alaska Native alone
Shelby, Indiana,B03002_016,0,Yes,Asian alone
Shelby, Indiana,B03002_017,0,Yes,Native Hawaiian and Other Pacific Islander alone
Shelby, Indiana,B03002_018,926,Yes,Some other race alone
Shelby, Indiana,B03002_019,18,Yes,Two or more races
Spencer, Indiana,B03002_003,19495,No,White alone
Spencer, Indiana,B03002_004,149,No,Black or African American alone
Spencer, Indiana,B03002_005,43,No,American Indian and Alaska Native alone
Spencer, Indiana,B03002_006,57,No,Asian alone
Spencer, Indiana,B03002_007,13,No,Native Hawaiian and Other Pacific Islander alone
Spencer, Indiana,B03002_008,0,No,Some other race alone
Spencer, Indiana,B03002_009,180,No,Two or more races
Spencer, Indiana,B03002_013,375,Yes,White alone
Spencer, Indiana,B03002_014,0,Yes,Black or African American alone
Spencer, Indiana,B03002_015,3,Yes,American Indian and Alaska Native alone
Spencer, Indiana,B03002_016,0,Yes,Asian alone
Spencer, Indiana,B03002_017,0,Yes,Native Hawaiian and Other Pacific Islander alone
Spencer, Indiana,B03002_018,185,Yes,Some other race alone
Spencer, Indiana,B03002_019,26,Yes,Two or more races
Starke, Indiana,B03002_003,21655,No,White alone
Starke, Indiana,B03002_004,84,No,Black or African American alone
Starke, Indiana,B03002_005,33,No,American Indian and Alaska Native alone
Starke, Indiana,B03002_006,160,No,Asian alone
Starke, Indiana,B03002_007,0,No,Native Hawaiian and Other Pacific Islander alone
Starke, Indiana,B03002_008,0,No,Some other race alone
Starke, Indiana,B03002_009,174,No,Two or more races
Starke, Indiana,B03002_013,541,Yes,White alone
Starke, Indiana,B03002_014,0,Yes,Black or African American alone
Starke, Indiana,B03002_015,16,Yes,American Indian and Alaska Native alone
Starke, Indiana,B03002_016,0,Yes,Asian alone
Starke, Indiana,B03002_017,0,Yes,Native Hawaiian and Other Pacific Islander alone
Starke, Indiana,B03002_018,249,Yes,Some other race alone
Starke, Indiana,B03002_019,29,Yes,Two or more races
Steuben, Indiana,B03002_003,32389,No,White alone
Steuben, Indiana,B03002_004,93,No,Black or African American alone
Steuben, Indiana,B03002_005,35,No,American Indian and Alaska Native alone
Steuben, Indiana,B03002_006,140,No,Asian alone
Steuben, Indiana,B03002_007,14,No,Native Hawaiian and Other Pacific Islander alone
Steuben, Indiana,B03002_008,7,No,Some other race alone
Steuben, Indiana,B03002_009,590,No,Two or more races
Steuben, Indiana,B03002_013,1095,Yes,White alone
Steuben, Indiana,B03002_014,0,Yes,Black or African American alone
Steuben, Indiana,B03002_015,0,Yes,American Indian and Alaska Native alone
Steuben, Indiana,B03002_016,0,Yes,Asian alone
Steuben, Indiana,B03002_017,0,Yes,Native Hawaiian and Other Pacific Islander alone
Steuben, Indiana,B03002_018,85,Yes,Some other race alone
Steuben, Indiana,B03002_019,26,Yes,Two or more races
Sullivan, Indiana,B03002_003,19135,No,White alone
Sullivan, Indiana,B03002_004,799,No,Black or African American alone
Sullivan, Indiana,B03002_005,11,No,American Indian and Alaska Native alone
Sullivan, Indiana,B03002_006,105,No,Asian alone
Sullivan, Indiana,B03002_007,0,No,Native Hawaiian and Other Pacific Islander alone
Sullivan, Indiana,B03002_008,0,No,Some other race alone
Sullivan, Indiana,B03002_009,385,No,Two or more races
Sullivan, Indiana,B03002_013,247,Yes,White alone
Sullivan, Indiana,B03002_014,27,Yes,Black or African American alone
Sullivan, Indiana,B03002_015,0,Yes,American Indian and Alaska Native alone
Sullivan, Indiana,B03002_016,0,Yes,Asian alone
Sullivan, Indiana,B03002_017,0,Yes,Native Hawaiian and Other Pacific Islander alone
Sullivan, Indiana,B03002_018,47,Yes,Some other race alone
Sullivan, Indiana,B03002_019,36,Yes,Two or more races
Switzerland, Indiana,B03002_003,10157,No,White alone
Switzerland, Indiana,B03002_004,99,No,Black or African American alone
Switzerland, Indiana,B03002_005,0,No,American Indian and Alaska Native alone
Switzerland, Indiana,B03002_006,56,No,Asian alone
Switzerland, Indiana,B03002_007,0,No,Native Hawaiian and Other Pacific Islander alone
Switzerland, Indiana,B03002_008,0,No,Some other race alone
Switzerland, Indiana,B03002_009,108,No,Two or more races
Switzerland, Indiana,B03002_013,120,Yes,White alone
Switzerland, Indiana,B03002_014,0,Yes,Black or African American alone
Switzerland, Indiana,B03002_015,0,Yes,American Indian and Alaska Native alone
Switzerland, Indiana,B03002_016,0,Yes,Asian alone
Switzerland, Indiana,B03002_017,70,Yes,Native Hawaiian and Other Pacific Islander alone
Switzerland, Indiana,B03002_018,18,Yes,Some other race alone
Switzerland, Indiana,B03002_019,0,Yes,Two or more races
Tippecanoe, Indiana,B03002_003,144589,No,White alone
Tippecanoe, Indiana,B03002_004,9445,No,Black or African American alone
Tippecanoe, Indiana,B03002_005,332,No,American Indian and Alaska Native alone
Tippecanoe, Indiana,B03002_006,15320,No,Asian alone
Tippecanoe, Indiana,B03002_007,74,No,Native Hawaiian and Other Pacific Islander alone
Tippecanoe, Indiana,B03002_008,258,No,Some other race alone
Tippecanoe, Indiana,B03002_009,3790,No,Two or more races
Tippecanoe, Indiana,B03002_013,11151,Yes,White alone
Tippecanoe, Indiana,B03002_014,200,Yes,Black or African American alone
Tippecanoe, Indiana,B03002_015,98,Yes,American Indian and Alaska Native alone
Tippecanoe, Indiana,B03002_016,58,Yes,Asian alone
Tippecanoe, Indiana,B03002_017,0,Yes,Native Hawaiian and Other Pacific Islander alone
Tippecanoe, Indiana,B03002_018,3354,Yes,Some other race alone
Tippecanoe, Indiana,B03002_019,625,Yes,Two or more races
Tipton, Indiana,B03002_003,14472,No,White alone
Tipton, Indiana,B03002_004,25,No,Black or African American alone
Tipton, Indiana,B03002_005,0,No,American Indian and Alaska Native alone
Tipton, Indiana,B03002_006,38,No,Asian alone
Tipton, Indiana,B03002_007,61,No,Native Hawaiian and Other Pacific Islander alone
Tipton, Indiana,B03002_008,0,No,Some other race alone
Tipton, Indiana,B03002_009,210,No,Two or more races
Tipton, Indiana,B03002_013,169,Yes,White alone
Tipton, Indiana,B03002_014,0,Yes,Black or African American alone
Tipton, Indiana,B03002_015,1,Yes,American Indian and Alaska Native alone
Tipton, Indiana,B03002_016,13,Yes,Asian alone
Tipton, Indiana,B03002_017,0,Yes,Native Hawaiian and Other Pacific Islander alone
Tipton, Indiana,B03002_018,179,Yes,Some other race alone
Tipton, Indiana,B03002_019,50,Yes,Two or more races
Union, Indiana,B03002_003,6838,No,White alone
Union, Indiana,B03002_004,5,No,Black or African American alone
Union, Indiana,B03002_005,0,No,American Indian and Alaska Native alone
Union, Indiana,B03002_006,71,No,Asian alone
Union, Indiana,B03002_007,0,No,Native Hawaiian and Other Pacific Islander alone
Union, Indiana,B03002_008,0,No,Some other race alone
Union, Indiana,B03002_009,111,No,Two or more races
Union, Indiana,B03002_013,128,Yes,White alone
Union, Indiana,B03002_014,0,Yes,Black or African American alone
Union, Indiana,B03002_015,0,Yes,American Indian and Alaska Native alone
Union, Indiana,B03002_016,0,Yes,Asian alone
Union, Indiana,B03002_017,0,Yes,Native Hawaiian and Other Pacific Islander alone
Union, Indiana,B03002_018,0,Yes,Some other race alone
Union, Indiana,B03002_019,0,Yes,Two or more races
Vanderburgh, Indiana,B03002_003,152149,No,White alone
Vanderburgh, Indiana,B03002_004,16961,No,Black or African American alone
Vanderburgh, Indiana,B03002_005,206,No,American Indian and Alaska Native alone
Vanderburgh, Indiana,B03002_006,2196,No,Asian alone
Vanderburgh, Indiana,B03002_007,262,No,Native Hawaiian and Other Pacific Islander alone
Vanderburgh, Indiana,B03002_008,389,No,Some other race alone
Vanderburgh, Indiana,B03002_009,4465,No,Two or more races
Vanderburgh, Indiana,B03002_013,2700,Yes,White alone
Vanderburgh, Indiana,B03002_014,101,Yes,Black or African American alone
Vanderburgh, Indiana,B03002_015,0,Yes,American Indian and Alaska Native alone
Vanderburgh, Indiana,B03002_016,13,Yes,Asian alone
Vanderburgh, Indiana,B03002_017,20,Yes,Native Hawaiian and Other Pacific Islander alone
Vanderburgh, Indiana,B03002_018,1622,Yes,Some other race alone
Vanderburgh, Indiana,B03002_019,229,Yes,Two or more races
Vermillion, Indiana,B03002_003,15025,No,White alone
Vermillion, Indiana,B03002_004,217,No,Black or African American alone
Vermillion, Indiana,B03002_005,48,No,American Indian and Alaska Native alone
Vermillion, Indiana,B03002_006,43,No,Asian alone
Vermillion, Indiana,B03002_007,0,No,Native Hawaiian and Other Pacific Islander alone
Vermillion, Indiana,B03002_008,47,No,Some other race alone
Vermillion, Indiana,B03002_009,123,No,Two or more races
Vermillion, Indiana,B03002_013,41,Yes,White alone
Vermillion, Indiana,B03002_014,2,Yes,Black or African American alone
Vermillion, Indiana,B03002_015,0,Yes,American Indian and Alaska Native alone
Vermillion, Indiana,B03002_016,0,Yes,Asian alone
Vermillion, Indiana,B03002_017,0,Yes,Native Hawaiian and Other Pacific Islander alone
Vermillion, Indiana,B03002_018,14,Yes,Some other race alone
Vermillion, Indiana,B03002_019,0,Yes,Two or more races
Vigo, Indiana,B03002_003,92262,No,White alone
Vigo, Indiana,B03002_004,7013,No,Black or African American alone
Vigo, Indiana,B03002_005,193,No,American Indian and Alaska Native alone
Vigo, Indiana,B03002_006,2022,No,Asian alone
Vigo, Indiana,B03002_007,48,No,Native Hawaiian and Other Pacific Islander alone
Vigo, Indiana,B03002_008,121,No,Some other race alone
Vigo, Indiana,B03002_009,3208,No,Two or more races
Vigo, Indiana,B03002_013,1623,Yes,White alone
Vigo, Indiana,B03002_014,24,Yes,Black or African American alone
Vigo, Indiana,B03002_015,0,Yes,American Indian and Alaska Native alone
Vigo, Indiana,B03002_016,6,Yes,Asian alone
Vigo, Indiana,B03002_017,0,Yes,Native Hawaiian and Other Pacific Islander alone
Vigo, Indiana,B03002_018,807,Yes,Some other race alone
Vigo, Indiana,B03002_019,366,Yes,Two or more races
Wabash, Indiana,B03002_003,29889,No,White alone
Wabash, Indiana,B03002_004,304,No,Black or African American alone
Wabash, Indiana,B03002_005,191,No,American Indian and Alaska Native alone
Wabash, Indiana,B03002_006,92,No,Asian alone
Wabash, Indiana,B03002_007,0,No,Native Hawaiian and Other Pacific Islander alone
Wabash, Indiana,B03002_008,0,No,Some other race alone
Wabash, Indiana,B03002_009,350,No,Two or more races
Wabash, Indiana,B03002_013,374,Yes,White alone
Wabash, Indiana,B03002_014,10,Yes,Black or African American alone
Wabash, Indiana,B03002_015,4,Yes,American Indian and Alaska Native alone
Wabash, Indiana,B03002_016,0,Yes,Asian alone
Wabash, Indiana,B03002_017,0,Yes,Native Hawaiian and Other Pacific Islander alone
Wabash, Indiana,B03002_018,350,Yes,Some other race alone
Wabash, Indiana,B03002_019,67,Yes,Two or more races
Warren, Indiana,B03002_003,7935,No,White alone
Warren, Indiana,B03002_004,53,No,Black or African American alone
Warren, Indiana,B03002_005,18,No,American Indian and Alaska Native alone
Warren, Indiana,B03002_006,1,No,Asian alone
Warren, Indiana,B03002_007,0,No,Native Hawaiian and Other Pacific Islander alone
Warren, Indiana,B03002_008,8,No,Some other race alone
Warren, Indiana,B03002_009,95,No,Two or more races
Warren, Indiana,B03002_013,127,Yes,White alone
Warren, Indiana,B03002_014,0,Yes,Black or African American alone
Warren, Indiana,B03002_015,0,Yes,American Indian and Alaska Native alone
Warren, Indiana,B03002_016,0,Yes,Asian alone
Warren, Indiana,B03002_017,0,Yes,Native Hawaiian and Other Pacific Islander alone
Warren, Indiana,B03002_018,2,Yes,Some other race alone
Warren, Indiana,B03002_019,8,Yes,Two or more races
Warrick, Indiana,B03002_003,57318,No,White alone
Warrick, Indiana,B03002_004,1072,No,Black or African American alone
Warrick, Indiana,B03002_005,88,No,American Indian and Alaska Native alone
Warrick, Indiana,B03002_006,1680,No,Asian alone
Warrick, Indiana,B03002_007,3,No,Native Hawaiian and Other Pacific Islander alone
Warrick, Indiana,B03002_008,34,No,Some other race alone
Warrick, Indiana,B03002_009,611,No,Two or more races
Warrick, Indiana,B03002_013,711,Yes,White alone
Warrick, Indiana,B03002_014,0,Yes,Black or African American alone
Warrick, Indiana,B03002_015,0,Yes,American Indian and Alaska Native alone
Warrick, Indiana,B03002_016,0,Yes,Asian alone
Warrick, Indiana,B03002_017,0,Yes,Native Hawaiian and Other Pacific Islander alone
Warrick, Indiana,B03002_018,343,Yes,Some other race alone
Warrick, Indiana,B03002_019,68,Yes,Two or more races
Washington, Indiana,B03002_003,26938,No,White alone
Washington, Indiana,B03002_004,24,No,Black or African American alone
Washington, Indiana,B03002_005,77,No,American Indian and Alaska Native alone
Washington, Indiana,B03002_006,86,No,Asian alone
Washington, Indiana,B03002_007,0,No,Native Hawaiian and Other Pacific Islander alone
Washington, Indiana,B03002_008,19,No,Some other race alone
Washington, Indiana,B03002_009,314,No,Two or more races
Washington, Indiana,B03002_013,361,Yes,White alone
Washington, Indiana,B03002_014,0,Yes,Black or African American alone
Washington, Indiana,B03002_015,0,Yes,American Indian and Alaska Native alone
Washington, Indiana,B03002_016,0,Yes,Asian alone
Washington, Indiana,B03002_017,0,Yes,Native Hawaiian and Other Pacific Islander alone
Washington, Indiana,B03002_018,8,Yes,Some other race alone
Washington, Indiana,B03002_019,0,Yes,Two or more races
Wayne, Indiana,B03002_003,58859,No,White alone
Wayne, Indiana,B03002_004,3300,No,Black or African American alone
Wayne, Indiana,B03002_005,109,No,American Indian and Alaska Native alone
Wayne, Indiana,B03002_006,682,No,Asian alone
Wayne, Indiana,B03002_007,0,No,Native Hawaiian and Other Pacific Islander alone
Wayne, Indiana,B03002_008,27,No,Some other race alone
Wayne, Indiana,B03002_009,1687,No,Two or more races
Wayne, Indiana,B03002_013,1138,Yes,White alone
Wayne, Indiana,B03002_014,197,Yes,Black or African American alone
Wayne, Indiana,B03002_015,21,Yes,American Indian and Alaska Native alone
Wayne, Indiana,B03002_016,0,Yes,Asian alone
Wayne, Indiana,B03002_017,0,Yes,Native Hawaiian and Other Pacific Islander alone
Wayne, Indiana,B03002_018,512,Yes,Some other race alone
Wayne, Indiana,B03002_019,81,Yes,Two or more races
Wells, Indiana,B03002_003,26450,No,White alone
Wells, Indiana,B03002_004,202,No,Black or African American alone
Wells, Indiana,B03002_005,37,No,American Indian and Alaska Native alone
Wells, Indiana,B03002_006,131,No,Asian alone
Wells, Indiana,B03002_007,0,No,Native Hawaiian and Other Pacific Islander alone
Wells, Indiana,B03002_008,0,No,Some other race alone
Wells, Indiana,B03002_009,315,No,Two or more races
Wells, Indiana,B03002_013,408,Yes,White alone
Wells, Indiana,B03002_014,0,Yes,Black or African American alone
Wells, Indiana,B03002_015,0,Yes,American Indian and Alaska Native alone
Wells, Indiana,B03002_016,0,Yes,Asian alone
Wells, Indiana,B03002_017,0,Yes,Native Hawaiian and Other Pacific Islander alone
Wells, Indiana,B03002_018,322,Yes,Some other race alone
Wells, Indiana,B03002_019,82,Yes,Two or more races
White, Indiana,B03002_003,21683,No,White alone
White, Indiana,B03002_004,97,No,Black or African American alone
White, Indiana,B03002_005,68,No,American Indian and Alaska Native alone
White, Indiana,B03002_006,61,No,Asian alone
White, Indiana,B03002_007,0,No,Native Hawaiian and Other Pacific Islander alone
White, Indiana,B03002_008,0,No,Some other race alone
White, Indiana,B03002_009,335,No,Two or more races
White, Indiana,B03002_013,516,Yes,White alone
White, Indiana,B03002_014,9,Yes,Black or African American alone
White, Indiana,B03002_015,3,Yes,American Indian and Alaska Native alone
White, Indiana,B03002_016,0,Yes,Asian alone
White, Indiana,B03002_017,0,Yes,Native Hawaiian and Other Pacific Islander alone
White, Indiana,B03002_018,1371,Yes,Some other race alone
White, Indiana,B03002_019,74,Yes,Two or more races
Whitley, Indiana,B03002_003,32138,No,White alone
Whitley, Indiana,B03002_004,139,No,Black or African American alone
Whitley, Indiana,B03002_005,109,No,American Indian and Alaska Native alone
Whitley, Indiana,B03002_006,114,No,Asian alone
Whitley, Indiana,B03002_007,0,No,Native Hawaiian and Other Pacific Islander alone
Whitley, Indiana,B03002_008,12,No,Some other race alone
Whitley, Indiana,B03002_009,462,No,Two or more races
Whitley, Indiana,B03002_013,470,Yes,White alone
Whitley, Indiana,B03002_014,0,Yes,Black or African American alone
Whitley, Indiana,B03002_015,17,Yes,American Indian and Alaska Native alone
Whitley, Indiana,B03002_016,23,Yes,Asian alone
Whitley, Indiana,B03002_017,0,Yes,Native Hawaiian and Other Pacific Islander alone
Whitley, Indiana,B03002_018,36,Yes,Some other race alone
Whitley, Indiana,B03002_019,129,Yes,Two or more races
