County,State,variable,estimate,label
Adams, Indiana,B19101_002,217,"Less than $10,000"
Adams, Indiana,B19101_003,198,"$10,000 to $14,999"
Adams, Indiana,B19101_004,379,"$15,000 to $19,999"
Adams, Indiana,B19101_005,387,"$20,000 to $24,999"
Adams, Indiana,B19101_006,437,"$25,000 to $29,999"
Adams, Indiana,B19101_007,387,"$30,000 to $34,999"
Adams, Indiana,B19101_008,300,"$35,000 to $39,999"
Adams, Indiana,B19101_009,367,"$40,000 to $44,999"
Adams, Indiana,B19101_010,571,"$45,000 to $49,999"
Adams, Indiana,B19101_011,819,"$50,000 to $59,999"
Adams, Indiana,B19101_012,1269,"$60,000 to $74,999"
Adams, Indiana,B19101_013,1558,"$75,000 to $99,999"
Adams, Indiana,B19101_014,864,"$100,000 to $124,999"
Adams, Indiana,B19101_015,370,"$125,000 to $149,999"
Adams, Indiana,B19101_016,298,"$150,000 to $199,999"
Adams, Indiana,B19101_017,271,"$200,000 or more"
Allen, Indiana,B19101_002,3789,"Less than $10,000"
Allen, Indiana,B19101_003,2659,"$10,000 to $14,999"
Allen, Indiana,B19101_004,2734,"$15,000 to $19,999"
Allen, Indiana,B19101_005,3490,"$20,000 to $24,999"
Allen, Indiana,B19101_006,3669,"$25,000 to $29,999"
Allen, Indiana,B19101_007,3933,"$30,000 to $34,999"
Allen, Indiana,B19101_008,4089,"$35,000 to $39,999"
Allen, Indiana,B19101_009,4083,"$40,000 to $44,999"
Allen, Indiana,B19101_010,4383,"$45,000 to $49,999"
Allen, Indiana,B19101_011,8438,"$50,000 to $59,999"
Allen, Indiana,B19101_012,11664,"$60,000 to $74,999"
Allen, Indiana,B19101_013,15637,"$75,000 to $99,999"
Allen, Indiana,B19101_014,9228,"$100,000 to $124,999"
Allen, Indiana,B19101_015,5885,"$125,000 to $149,999"
Allen, Indiana,B19101_016,4947,"$150,000 to $199,999"
Allen, Indiana,B19101_017,4684,"$200,000 or more"
Bartholomew, Indiana,B19101_002,736,"Less than $10,000"
Bartholomew, Indiana,B19101_003,609,"$10,000 to $14,999"
Bartholomew, Indiana,B19101_004,438,"$15,000 to $19,999"
Bartholomew, Indiana,B19101_005,676,"$20,000 to $24,999"
Bartholomew, Indiana,B19101_006,802,"$25,000 to $29,999"
Bartholomew, Indiana,B19101_007,713,"$30,000 to $34,999"
Bartholomew, Indiana,B19101_008,835,"$35,000 to $39,999"
Bartholomew, Indiana,B19101_009,843,"$40,000 to $44,999"
Bartholomew, Indiana,B19101_010,869,"$45,000 to $49,999"
Bartholomew, Indiana,B19101_011,2045,"$50,000 to $59,999"
Bartholomew, Indiana,B19101_012,2234,"$60,000 to $74,999"
Bartholomew, Indiana,B19101_013,3653,"$75,000 to $99,999"
Bartholomew, Indiana,B19101_014,2313,"$100,000 to $124,999"
Bartholomew, Indiana,B19101_015,1458,"$125,000 to $149,999"
Bartholomew, Indiana,B19101_016,1602,"$150,000 to $199,999"
Bartholomew, Indiana,B19101_017,1112,"$200,000 or more"
Benton, Indiana,B19101_002,76,"Less than $10,000"
Benton, Indiana,B19101_003,46,"$10,000 to $14,999"
Benton, Indiana,B19101_004,118,"$15,000 to $19,999"
Benton, Indiana,B19101_005,84,"$20,000 to $24,999"
Benton, Indiana,B19101_006,92,"$25,000 to $29,999"
Benton, Indiana,B19101_007,168,"$30,000 to $34,999"
Benton, Indiana,B19101_008,113,"$35,000 to $39,999"
Benton, Indiana,B19101_009,151,"$40,000 to $44,999"
Benton, Indiana,B19101_010,127,"$45,000 to $49,999"
Benton, Indiana,B19101_011,212,"$50,000 to $59,999"
Benton, Indiana,B19101_012,325,"$60,000 to $74,999"
Benton, Indiana,B19101_013,309,"$75,000 to $99,999"
Benton, Indiana,B19101_014,219,"$100,000 to $124,999"
Benton, Indiana,B19101_015,93,"$125,000 to $149,999"
Benton, Indiana,B19101_016,66,"$150,000 to $199,999"
Benton, Indiana,B19101_017,30,"$200,000 or more"
Blackford, Indiana,B19101_002,163,"Less than $10,000"
Blackford, Indiana,B19101_003,66,"$10,000 to $14,999"
Blackford, Indiana,B19101_004,97,"$15,000 to $19,999"
Blackford, Indiana,B19101_005,137,"$20,000 to $24,999"
Blackford, Indiana,B19101_006,263,"$25,000 to $29,999"
Blackford, Indiana,B19101_007,226,"$30,000 to $34,999"
Blackford, Indiana,B19101_008,152,"$35,000 to $39,999"
Blackford, Indiana,B19101_009,271,"$40,000 to $44,999"
Blackford, Indiana,B19101_010,202,"$45,000 to $49,999"
Blackford, Indiana,B19101_011,339,"$50,000 to $59,999"
Blackford, Indiana,B19101_012,445,"$60,000 to $74,999"
Blackford, Indiana,B19101_013,576,"$75,000 to $99,999"
Blackford, Indiana,B19101_014,209,"$100,000 to $124,999"
Blackford, Indiana,B19101_015,107,"$125,000 to $149,999"
Blackford, Indiana,B19101_016,96,"$150,000 to $199,999"
Blackford, Indiana,B19101_017,79,"$200,000 or more"
Boone, Indiana,B19101_002,275,"Less than $10,000"
Boone, Indiana,B19101_003,123,"$10,000 to $14,999"
Boone, Indiana,B19101_004,299,"$15,000 to $19,999"
Boone, Indiana,B19101_005,324,"$20,000 to $24,999"
Boone, Indiana,B19101_006,340,"$25,000 to $29,999"
Boone, Indiana,B19101_007,520,"$30,000 to $34,999"
Boone, Indiana,B19101_008,592,"$35,000 to $39,999"
Boone, Indiana,B19101_009,497,"$40,000 to $44,999"
Boone, Indiana,B19101_010,568,"$45,000 to $49,999"
Boone, Indiana,B19101_011,1199,"$50,000 to $59,999"
Boone, Indiana,B19101_012,1610,"$60,000 to $74,999"
Boone, Indiana,B19101_013,2950,"$75,000 to $99,999"
Boone, Indiana,B19101_014,2061,"$100,000 to $124,999"
Boone, Indiana,B19101_015,1600,"$125,000 to $149,999"
Boone, Indiana,B19101_016,2230,"$150,000 to $199,999"
Boone, Indiana,B19101_017,2936,"$200,000 or more"
Brown, Indiana,B19101_002,102,"Less than $10,000"
Brown, Indiana,B19101_003,68,"$10,000 to $14,999"
Brown, Indiana,B19101_004,98,"$15,000 to $19,999"
Brown, Indiana,B19101_005,229,"$20,000 to $24,999"
Brown, Indiana,B19101_006,245,"$25,000 to $29,999"
Brown, Indiana,B19101_007,106,"$30,000 to $34,999"
Brown, Indiana,B19101_008,145,"$35,000 to $39,999"
Brown, Indiana,B19101_009,136,"$40,000 to $44,999"
Brown, Indiana,B19101_010,189,"$45,000 to $49,999"
Brown, Indiana,B19101_011,419,"$50,000 to $59,999"
Brown, Indiana,B19101_012,465,"$60,000 to $74,999"
Brown, Indiana,B19101_013,847,"$75,000 to $99,999"
Brown, Indiana,B19101_014,637,"$100,000 to $124,999"
Brown, Indiana,B19101_015,308,"$125,000 to $149,999"
Brown, Indiana,B19101_016,256,"$150,000 to $199,999"
Brown, Indiana,B19101_017,180,"$200,000 or more"
Carroll, Indiana,B19101_002,106,"Less than $10,000"
Carroll, Indiana,B19101_003,131,"$10,000 to $14,999"
Carroll, Indiana,B19101_004,171,"$15,000 to $19,999"
Carroll, Indiana,B19101_005,193,"$20,000 to $24,999"
Carroll, Indiana,B19101_006,250,"$25,000 to $29,999"
Carroll, Indiana,B19101_007,294,"$30,000 to $34,999"
Carroll, Indiana,B19101_008,225,"$35,000 to $39,999"
Carroll, Indiana,B19101_009,274,"$40,000 to $44,999"
Carroll, Indiana,B19101_010,241,"$45,000 to $49,999"
Carroll, Indiana,B19101_011,502,"$50,000 to $59,999"
Carroll, Indiana,B19101_012,722,"$60,000 to $74,999"
Carroll, Indiana,B19101_013,743,"$75,000 to $99,999"
Carroll, Indiana,B19101_014,660,"$100,000 to $124,999"
Carroll, Indiana,B19101_015,392,"$125,000 to $149,999"
Carroll, Indiana,B19101_016,359,"$150,000 to $199,999"
Carroll, Indiana,B19101_017,205,"$200,000 or more"
Cass, Indiana,B19101_002,473,"Less than $10,000"
Cass, Indiana,B19101_003,141,"$10,000 to $14,999"
Cass, Indiana,B19101_004,194,"$15,000 to $19,999"
Cass, Indiana,B19101_005,387,"$20,000 to $24,999"
Cass, Indiana,B19101_006,454,"$25,000 to $29,999"
Cass, Indiana,B19101_007,513,"$30,000 to $34,999"
Cass, Indiana,B19101_008,603,"$35,000 to $39,999"
Cass, Indiana,B19101_009,458,"$40,000 to $44,999"
Cass, Indiana,B19101_010,473,"$45,000 to $49,999"
Cass, Indiana,B19101_011,1106,"$50,000 to $59,999"
Cass, Indiana,B19101_012,1378,"$60,000 to $74,999"
Cass, Indiana,B19101_013,1372,"$75,000 to $99,999"
Cass, Indiana,B19101_014,1208,"$100,000 to $124,999"
Cass, Indiana,B19101_015,311,"$125,000 to $149,999"
Cass, Indiana,B19101_016,371,"$150,000 to $199,999"
Cass, Indiana,B19101_017,164,"$200,000 or more"
Clark, Indiana,B19101_002,791,"Less than $10,000"
Clark, Indiana,B19101_003,369,"$10,000 to $14,999"
Clark, Indiana,B19101_004,758,"$15,000 to $19,999"
Clark, Indiana,B19101_005,1020,"$20,000 to $24,999"
Clark, Indiana,B19101_006,1075,"$25,000 to $29,999"
Clark, Indiana,B19101_007,1195,"$30,000 to $34,999"
Clark, Indiana,B19101_008,1507,"$35,000 to $39,999"
Clark, Indiana,B19101_009,1567,"$40,000 to $44,999"
Clark, Indiana,B19101_010,1553,"$45,000 to $49,999"
Clark, Indiana,B19101_011,2363,"$50,000 to $59,999"
Clark, Indiana,B19101_012,3464,"$60,000 to $74,999"
Clark, Indiana,B19101_013,4992,"$75,000 to $99,999"
Clark, Indiana,B19101_014,3451,"$100,000 to $124,999"
Clark, Indiana,B19101_015,1831,"$125,000 to $149,999"
Clark, Indiana,B19101_016,1555,"$150,000 to $199,999"
Clark, Indiana,B19101_017,1093,"$200,000 or more"
Clay, Indiana,B19101_002,345,"Less than $10,000"
Clay, Indiana,B19101_003,157,"$10,000 to $14,999"
Clay, Indiana,B19101_004,218,"$15,000 to $19,999"
Clay, Indiana,B19101_005,343,"$20,000 to $24,999"
Clay, Indiana,B19101_006,228,"$25,000 to $29,999"
Clay, Indiana,B19101_007,481,"$30,000 to $34,999"
Clay, Indiana,B19101_008,378,"$35,000 to $39,999"
Clay, Indiana,B19101_009,352,"$40,000 to $44,999"
Clay, Indiana,B19101_010,321,"$45,000 to $49,999"
Clay, Indiana,B19101_011,668,"$50,000 to $59,999"
Clay, Indiana,B19101_012,1177,"$60,000 to $74,999"
Clay, Indiana,B19101_013,1115,"$75,000 to $99,999"
Clay, Indiana,B19101_014,752,"$100,000 to $124,999"
Clay, Indiana,B19101_015,430,"$125,000 to $149,999"
Clay, Indiana,B19101_016,405,"$150,000 to $199,999"
Clay, Indiana,B19101_017,117,"$200,000 or more"
Clinton, Indiana,B19101_002,129,"Less than $10,000"
Clinton, Indiana,B19101_003,136,"$10,000 to $14,999"
Clinton, Indiana,B19101_004,181,"$15,000 to $19,999"
Clinton, Indiana,B19101_005,423,"$20,000 to $24,999"
Clinton, Indiana,B19101_006,238,"$25,000 to $29,999"
Clinton, Indiana,B19101_007,476,"$30,000 to $34,999"
Clinton, Indiana,B19101_008,442,"$35,000 to $39,999"
Clinton, Indiana,B19101_009,371,"$40,000 to $44,999"
Clinton, Indiana,B19101_010,404,"$45,000 to $49,999"
Clinton, Indiana,B19101_011,955,"$50,000 to $59,999"
Clinton, Indiana,B19101_012,1016,"$60,000 to $74,999"
Clinton, Indiana,B19101_013,1522,"$75,000 to $99,999"
Clinton, Indiana,B19101_014,932,"$100,000 to $124,999"
Clinton, Indiana,B19101_015,435,"$125,000 to $149,999"
Clinton, Indiana,B19101_016,238,"$150,000 to $199,999"
Clinton, Indiana,B19101_017,233,"$200,000 or more"
Crawford, Indiana,B19101_002,114,"Less than $10,000"
Crawford, Indiana,B19101_003,92,"$10,000 to $14,999"
Crawford, Indiana,B19101_004,133,"$15,000 to $19,999"
Crawford, Indiana,B19101_005,181,"$20,000 to $24,999"
Crawford, Indiana,B19101_006,117,"$25,000 to $29,999"
Crawford, Indiana,B19101_007,153,"$30,000 to $34,999"
Crawford, Indiana,B19101_008,83,"$35,000 to $39,999"
Crawford, Indiana,B19101_009,140,"$40,000 to $44,999"
Crawford, Indiana,B19101_010,189,"$45,000 to $49,999"
Crawford, Indiana,B19101_011,296,"$50,000 to $59,999"
Crawford, Indiana,B19101_012,470,"$60,000 to $74,999"
Crawford, Indiana,B19101_013,361,"$75,000 to $99,999"
Crawford, Indiana,B19101_014,165,"$100,000 to $124,999"
Crawford, Indiana,B19101_015,53,"$125,000 to $149,999"
Crawford, Indiana,B19101_016,67,"$150,000 to $199,999"
Crawford, Indiana,B19101_017,27,"$200,000 or more"
Daviess, Indiana,B19101_002,287,"Less than $10,000"
Daviess, Indiana,B19101_003,155,"$10,000 to $14,999"
Daviess, Indiana,B19101_004,239,"$15,000 to $19,999"
Daviess, Indiana,B19101_005,187,"$20,000 to $24,999"
Daviess, Indiana,B19101_006,345,"$25,000 to $29,999"
Daviess, Indiana,B19101_007,317,"$30,000 to $34,999"
Daviess, Indiana,B19101_008,496,"$35,000 to $39,999"
Daviess, Indiana,B19101_009,450,"$40,000 to $44,999"
Daviess, Indiana,B19101_010,519,"$45,000 to $49,999"
Daviess, Indiana,B19101_011,953,"$50,000 to $59,999"
Daviess, Indiana,B19101_012,1095,"$60,000 to $74,999"
Daviess, Indiana,B19101_013,1011,"$75,000 to $99,999"
Daviess, Indiana,B19101_014,990,"$100,000 to $124,999"
Daviess, Indiana,B19101_015,400,"$125,000 to $149,999"
Daviess, Indiana,B19101_016,520,"$150,000 to $199,999"
Daviess, Indiana,B19101_017,223,"$200,000 or more"
Dearborn, Indiana,B19101_002,351,"Less than $10,000"
Dearborn, Indiana,B19101_003,280,"$10,000 to $14,999"
Dearborn, Indiana,B19101_004,245,"$15,000 to $19,999"
Dearborn, Indiana,B19101_005,366,"$20,000 to $24,999"
Dearborn, Indiana,B19101_006,439,"$25,000 to $29,999"
Dearborn, Indiana,B19101_007,410,"$30,000 to $34,999"
Dearborn, Indiana,B19101_008,395,"$35,000 to $39,999"
Dearborn, Indiana,B19101_009,585,"$40,000 to $44,999"
Dearborn, Indiana,B19101_010,408,"$45,000 to $49,999"
Dearborn, Indiana,B19101_011,1106,"$50,000 to $59,999"
Dearborn, Indiana,B19101_012,1861,"$60,000 to $74,999"
Dearborn, Indiana,B19101_013,2273,"$75,000 to $99,999"
Dearborn, Indiana,B19101_014,1667,"$100,000 to $124,999"
Dearborn, Indiana,B19101_015,1351,"$125,000 to $149,999"
Dearborn, Indiana,B19101_016,835,"$150,000 to $199,999"
Dearborn, Indiana,B19101_017,855,"$200,000 or more"
Decatur, Indiana,B19101_002,241,"Less than $10,000"
Decatur, Indiana,B19101_003,250,"$10,000 to $14,999"
Decatur, Indiana,B19101_004,175,"$15,000 to $19,999"
Decatur, Indiana,B19101_005,167,"$20,000 to $24,999"
Decatur, Indiana,B19101_006,332,"$25,000 to $29,999"
Decatur, Indiana,B19101_007,170,"$30,000 to $34,999"
Decatur, Indiana,B19101_008,394,"$35,000 to $39,999"
Decatur, Indiana,B19101_009,463,"$40,000 to $44,999"
Decatur, Indiana,B19101_010,335,"$45,000 to $49,999"
Decatur, Indiana,B19101_011,842,"$50,000 to $59,999"
Decatur, Indiana,B19101_012,736,"$60,000 to $74,999"
Decatur, Indiana,B19101_013,1184,"$75,000 to $99,999"
Decatur, Indiana,B19101_014,788,"$100,000 to $124,999"
Decatur, Indiana,B19101_015,367,"$125,000 to $149,999"
Decatur, Indiana,B19101_016,366,"$150,000 to $199,999"
Decatur, Indiana,B19101_017,218,"$200,000 or more"
DeKalb, Indiana,B19101_002,455,"Less than $10,000"
DeKalb, Indiana,B19101_003,147,"$10,000 to $14,999"
DeKalb, Indiana,B19101_004,202,"$15,000 to $19,999"
DeKalb, Indiana,B19101_005,336,"$20,000 to $24,999"
DeKalb, Indiana,B19101_006,544,"$25,000 to $29,999"
DeKalb, Indiana,B19101_007,630,"$30,000 to $34,999"
DeKalb, Indiana,B19101_008,619,"$35,000 to $39,999"
DeKalb, Indiana,B19101_009,484,"$40,000 to $44,999"
DeKalb, Indiana,B19101_010,554,"$45,000 to $49,999"
DeKalb, Indiana,B19101_011,1223,"$50,000 to $59,999"
DeKalb, Indiana,B19101_012,1636,"$60,000 to $74,999"
DeKalb, Indiana,B19101_013,2012,"$75,000 to $99,999"
DeKalb, Indiana,B19101_014,1243,"$100,000 to $124,999"
DeKalb, Indiana,B19101_015,444,"$125,000 to $149,999"
DeKalb, Indiana,B19101_016,488,"$150,000 to $199,999"
DeKalb, Indiana,B19101_017,414,"$200,000 or more"
Delaware, Indiana,B19101_002,1677,"Less than $10,000"
Delaware, Indiana,B19101_003,999,"$10,000 to $14,999"
Delaware, Indiana,B19101_004,978,"$15,000 to $19,999"
Delaware, Indiana,B19101_005,1394,"$20,000 to $24,999"
Delaware, Indiana,B19101_006,1194,"$25,000 to $29,999"
Delaware, Indiana,B19101_007,1372,"$30,000 to $34,999"
Delaware, Indiana,B19101_008,1232,"$35,000 to $39,999"
Delaware, Indiana,B19101_009,1392,"$40,000 to $44,999"
Delaware, Indiana,B19101_010,1061,"$45,000 to $49,999"
Delaware, Indiana,B19101_011,2951,"$50,000 to $59,999"
Delaware, Indiana,B19101_012,3259,"$60,000 to $74,999"
Delaware, Indiana,B19101_013,4031,"$75,000 to $99,999"
Delaware, Indiana,B19101_014,2479,"$100,000 to $124,999"
Delaware, Indiana,B19101_015,1384,"$125,000 to $149,999"
Delaware, Indiana,B19101_016,834,"$150,000 to $199,999"
Delaware, Indiana,B19101_017,1125,"$200,000 or more"
Dubois, Indiana,B19101_002,427,"Less than $10,000"
Dubois, Indiana,B19101_003,201,"$10,000 to $14,999"
Dubois, Indiana,B19101_004,351,"$15,000 to $19,999"
Dubois, Indiana,B19101_005,149,"$20,000 to $24,999"
Dubois, Indiana,B19101_006,354,"$25,000 to $29,999"
Dubois, Indiana,B19101_007,391,"$30,000 to $34,999"
Dubois, Indiana,B19101_008,348,"$35,000 to $39,999"
Dubois, Indiana,B19101_009,488,"$40,000 to $44,999"
Dubois, Indiana,B19101_010,396,"$45,000 to $49,999"
Dubois, Indiana,B19101_011,1247,"$50,000 to $59,999"
Dubois, Indiana,B19101_012,1432,"$60,000 to $74,999"
Dubois, Indiana,B19101_013,2138,"$75,000 to $99,999"
Dubois, Indiana,B19101_014,1749,"$100,000 to $124,999"
Dubois, Indiana,B19101_015,603,"$125,000 to $149,999"
Dubois, Indiana,B19101_016,523,"$150,000 to $199,999"
Dubois, Indiana,B19101_017,422,"$200,000 or more"
Elkhart, Indiana,B19101_002,1963,"Less than $10,000"
Elkhart, Indiana,B19101_003,1298,"$10,000 to $14,999"
Elkhart, Indiana,B19101_004,1335,"$15,000 to $19,999"
Elkhart, Indiana,B19101_005,1795,"$20,000 to $24,999"
Elkhart, Indiana,B19101_006,2339,"$25,000 to $29,999"
Elkhart, Indiana,B19101_007,2298,"$30,000 to $34,999"
Elkhart, Indiana,B19101_008,2397,"$35,000 to $39,999"
Elkhart, Indiana,B19101_009,2353,"$40,000 to $44,999"
Elkhart, Indiana,B19101_010,2514,"$45,000 to $49,999"
Elkhart, Indiana,B19101_011,5734,"$50,000 to $59,999"
Elkhart, Indiana,B19101_012,7189,"$60,000 to $74,999"
Elkhart, Indiana,B19101_013,8846,"$75,000 to $99,999"
Elkhart, Indiana,B19101_014,4684,"$100,000 to $124,999"
Elkhart, Indiana,B19101_015,2977,"$125,000 to $149,999"
Elkhart, Indiana,B19101_016,2459,"$150,000 to $199,999"
Elkhart, Indiana,B19101_017,1846,"$200,000 or more"
Fayette, Indiana,B19101_002,419,"Less than $10,000"
Fayette, Indiana,B19101_003,286,"$10,000 to $14,999"
Fayette, Indiana,B19101_004,285,"$15,000 to $19,999"
Fayette, Indiana,B19101_005,268,"$20,000 to $24,999"
Fayette, Indiana,B19101_006,344,"$25,000 to $29,999"
Fayette, Indiana,B19101_007,282,"$30,000 to $34,999"
Fayette, Indiana,B19101_008,429,"$35,000 to $39,999"
Fayette, Indiana,B19101_009,389,"$40,000 to $44,999"
Fayette, Indiana,B19101_010,296,"$45,000 to $49,999"
Fayette, Indiana,B19101_011,552,"$50,000 to $59,999"
Fayette, Indiana,B19101_012,731,"$60,000 to $74,999"
Fayette, Indiana,B19101_013,1127,"$75,000 to $99,999"
Fayette, Indiana,B19101_014,580,"$100,000 to $124,999"
Fayette, Indiana,B19101_015,199,"$125,000 to $149,999"
Fayette, Indiana,B19101_016,137,"$150,000 to $199,999"
Fayette, Indiana,B19101_017,127,"$200,000 or more"
Floyd, Indiana,B19101_002,574,"Less than $10,000"
Floyd, Indiana,B19101_003,496,"$10,000 to $14,999"
Floyd, Indiana,B19101_004,529,"$15,000 to $19,999"
Floyd, Indiana,B19101_005,439,"$20,000 to $24,999"
Floyd, Indiana,B19101_006,591,"$25,000 to $29,999"
Floyd, Indiana,B19101_007,704,"$30,000 to $34,999"
Floyd, Indiana,B19101_008,868,"$35,000 to $39,999"
Floyd, Indiana,B19101_009,797,"$40,000 to $44,999"
Floyd, Indiana,B19101_010,646,"$45,000 to $49,999"
Floyd, Indiana,B19101_011,1500,"$50,000 to $59,999"
Floyd, Indiana,B19101_012,2405,"$60,000 to $74,999"
Floyd, Indiana,B19101_013,3052,"$75,000 to $99,999"
Floyd, Indiana,B19101_014,2362,"$100,000 to $124,999"
Floyd, Indiana,B19101_015,1523,"$125,000 to $149,999"
Floyd, Indiana,B19101_016,1818,"$150,000 to $199,999"
Floyd, Indiana,B19101_017,1351,"$200,000 or more"
Fountain, Indiana,B19101_002,121,"Less than $10,000"
Fountain, Indiana,B19101_003,147,"$10,000 to $14,999"
Fountain, Indiana,B19101_004,168,"$15,000 to $19,999"
Fountain, Indiana,B19101_005,99,"$20,000 to $24,999"
Fountain, Indiana,B19101_006,369,"$25,000 to $29,999"
Fountain, Indiana,B19101_007,226,"$30,000 to $34,999"
Fountain, Indiana,B19101_008,311,"$35,000 to $39,999"
Fountain, Indiana,B19101_009,203,"$40,000 to $44,999"
Fountain, Indiana,B19101_010,229,"$45,000 to $49,999"
Fountain, Indiana,B19101_011,526,"$50,000 to $59,999"
Fountain, Indiana,B19101_012,471,"$60,000 to $74,999"
Fountain, Indiana,B19101_013,849,"$75,000 to $99,999"
Fountain, Indiana,B19101_014,540,"$100,000 to $124,999"
Fountain, Indiana,B19101_015,161,"$125,000 to $149,999"
Fountain, Indiana,B19101_016,139,"$150,000 to $199,999"
Fountain, Indiana,B19101_017,139,"$200,000 or more"
Franklin, Indiana,B19101_002,184,"Less than $10,000"
Franklin, Indiana,B19101_003,130,"$10,000 to $14,999"
Franklin, Indiana,B19101_004,157,"$15,000 to $19,999"
Franklin, Indiana,B19101_005,401,"$20,000 to $24,999"
Franklin, Indiana,B19101_006,251,"$25,000 to $29,999"
Franklin, Indiana,B19101_007,334,"$30,000 to $34,999"
Franklin, Indiana,B19101_008,287,"$35,000 to $39,999"
Franklin, Indiana,B19101_009,273,"$40,000 to $44,999"
Franklin, Indiana,B19101_010,399,"$45,000 to $49,999"
Franklin, Indiana,B19101_011,659,"$50,000 to $59,999"
Franklin, Indiana,B19101_012,797,"$60,000 to $74,999"
Franklin, Indiana,B19101_013,1115,"$75,000 to $99,999"
Franklin, Indiana,B19101_014,720,"$100,000 to $124,999"
Franklin, Indiana,B19101_015,586,"$125,000 to $149,999"
Franklin, Indiana,B19101_016,392,"$150,000 to $199,999"
Franklin, Indiana,B19101_017,209,"$200,000 or more"
Fulton, Indiana,B19101_002,128,"Less than $10,000"
Fulton, Indiana,B19101_003,196,"$10,000 to $14,999"
Fulton, Indiana,B19101_004,133,"$15,000 to $19,999"
Fulton, Indiana,B19101_005,82,"$20,000 to $24,999"
Fulton, Indiana,B19101_006,210,"$25,000 to $29,999"
Fulton, Indiana,B19101_007,205,"$30,000 to $34,999"
Fulton, Indiana,B19101_008,317,"$35,000 to $39,999"
Fulton, Indiana,B19101_009,363,"$40,000 to $44,999"
Fulton, Indiana,B19101_010,367,"$45,000 to $49,999"
Fulton, Indiana,B19101_011,410,"$50,000 to $59,999"
Fulton, Indiana,B19101_012,672,"$60,000 to $74,999"
Fulton, Indiana,B19101_013,1116,"$75,000 to $99,999"
Fulton, Indiana,B19101_014,570,"$100,000 to $124,999"
Fulton, Indiana,B19101_015,148,"$125,000 to $149,999"
Fulton, Indiana,B19101_016,126,"$150,000 to $199,999"
Fulton, Indiana,B19101_017,65,"$200,000 or more"
Gibson, Indiana,B19101_002,166,"Less than $10,000"
Gibson, Indiana,B19101_003,186,"$10,000 to $14,999"
Gibson, Indiana,B19101_004,262,"$15,000 to $19,999"
Gibson, Indiana,B19101_005,360,"$20,000 to $24,999"
Gibson, Indiana,B19101_006,459,"$25,000 to $29,999"
Gibson, Indiana,B19101_007,500,"$30,000 to $34,999"
Gibson, Indiana,B19101_008,426,"$35,000 to $39,999"
Gibson, Indiana,B19101_009,489,"$40,000 to $44,999"
Gibson, Indiana,B19101_010,438,"$45,000 to $49,999"
Gibson, Indiana,B19101_011,831,"$50,000 to $59,999"
Gibson, Indiana,B19101_012,1132,"$60,000 to $74,999"
Gibson, Indiana,B19101_013,1620,"$75,000 to $99,999"
Gibson, Indiana,B19101_014,961,"$100,000 to $124,999"
Gibson, Indiana,B19101_015,619,"$125,000 to $149,999"
Gibson, Indiana,B19101_016,513,"$150,000 to $199,999"
Gibson, Indiana,B19101_017,315,"$200,000 or more"
Grant, Indiana,B19101_002,1067,"Less than $10,000"
Grant, Indiana,B19101_003,530,"$10,000 to $14,999"
Grant, Indiana,B19101_004,766,"$15,000 to $19,999"
Grant, Indiana,B19101_005,871,"$20,000 to $24,999"
Grant, Indiana,B19101_006,1054,"$25,000 to $29,999"
Grant, Indiana,B19101_007,995,"$30,000 to $34,999"
Grant, Indiana,B19101_008,1001,"$35,000 to $39,999"
Grant, Indiana,B19101_009,1177,"$40,000 to $44,999"
Grant, Indiana,B19101_010,749,"$45,000 to $49,999"
Grant, Indiana,B19101_011,1774,"$50,000 to $59,999"
Grant, Indiana,B19101_012,1963,"$60,000 to $74,999"
Grant, Indiana,B19101_013,2477,"$75,000 to $99,999"
Grant, Indiana,B19101_014,1472,"$100,000 to $124,999"
Grant, Indiana,B19101_015,617,"$125,000 to $149,999"
Grant, Indiana,B19101_016,522,"$150,000 to $199,999"
Grant, Indiana,B19101_017,266,"$200,000 or more"
Greene, Indiana,B19101_002,265,"Less than $10,000"
Greene, Indiana,B19101_003,267,"$10,000 to $14,999"
Greene, Indiana,B19101_004,292,"$15,000 to $19,999"
Greene, Indiana,B19101_005,350,"$20,000 to $24,999"
Greene, Indiana,B19101_006,344,"$25,000 to $29,999"
Greene, Indiana,B19101_007,525,"$30,000 to $34,999"
Greene, Indiana,B19101_008,491,"$35,000 to $39,999"
Greene, Indiana,B19101_009,429,"$40,000 to $44,999"
Greene, Indiana,B19101_010,445,"$45,000 to $49,999"
Greene, Indiana,B19101_011,814,"$50,000 to $59,999"
Greene, Indiana,B19101_012,1246,"$60,000 to $74,999"
Greene, Indiana,B19101_013,1366,"$75,000 to $99,999"
Greene, Indiana,B19101_014,664,"$100,000 to $124,999"
Greene, Indiana,B19101_015,533,"$125,000 to $149,999"
Greene, Indiana,B19101_016,312,"$150,000 to $199,999"
Greene, Indiana,B19101_017,152,"$200,000 or more"
Hamilton, Indiana,B19101_002,1124,"Less than $10,000"
Hamilton, Indiana,B19101_003,629,"$10,000 to $14,999"
Hamilton, Indiana,B19101_004,1170,"$15,000 to $19,999"
Hamilton, Indiana,B19101_005,1377,"$20,000 to $24,999"
Hamilton, Indiana,B19101_006,1527,"$25,000 to $29,999"
Hamilton, Indiana,B19101_007,1668,"$30,000 to $34,999"
Hamilton, Indiana,B19101_008,1607,"$35,000 to $39,999"
Hamilton, Indiana,B19101_009,1990,"$40,000 to $44,999"
Hamilton, Indiana,B19101_010,1965,"$45,000 to $49,999"
Hamilton, Indiana,B19101_011,4680,"$50,000 to $59,999"
Hamilton, Indiana,B19101_012,7240,"$60,000 to $74,999"
Hamilton, Indiana,B19101_013,12989,"$75,000 to $99,999"
Hamilton, Indiana,B19101_014,11407,"$100,000 to $124,999"
Hamilton, Indiana,B19101_015,9226,"$125,000 to $149,999"
Hamilton, Indiana,B19101_016,12199,"$150,000 to $199,999"
Hamilton, Indiana,B19101_017,15948,"$200,000 or more"
Hancock, Indiana,B19101_002,337,"Less than $10,000"
Hancock, Indiana,B19101_003,476,"$10,000 to $14,999"
Hancock, Indiana,B19101_004,247,"$15,000 to $19,999"
Hancock, Indiana,B19101_005,433,"$20,000 to $24,999"
Hancock, Indiana,B19101_006,381,"$25,000 to $29,999"
Hancock, Indiana,B19101_007,569,"$30,000 to $34,999"
Hancock, Indiana,B19101_008,694,"$35,000 to $39,999"
Hancock, Indiana,B19101_009,671,"$40,000 to $44,999"
Hancock, Indiana,B19101_010,678,"$45,000 to $49,999"
Hancock, Indiana,B19101_011,1361,"$50,000 to $59,999"
Hancock, Indiana,B19101_012,2583,"$60,000 to $74,999"
Hancock, Indiana,B19101_013,4134,"$75,000 to $99,999"
Hancock, Indiana,B19101_014,3101,"$100,000 to $124,999"
Hancock, Indiana,B19101_015,1558,"$125,000 to $149,999"
Hancock, Indiana,B19101_016,1704,"$150,000 to $199,999"
Hancock, Indiana,B19101_017,1222,"$200,000 or more"
Harrison, Indiana,B19101_002,317,"Less than $10,000"
Harrison, Indiana,B19101_003,243,"$10,000 to $14,999"
Harrison, Indiana,B19101_004,256,"$15,000 to $19,999"
Harrison, Indiana,B19101_005,409,"$20,000 to $24,999"
Harrison, Indiana,B19101_006,311,"$25,000 to $29,999"
Harrison, Indiana,B19101_007,415,"$30,000 to $34,999"
Harrison, Indiana,B19101_008,408,"$35,000 to $39,999"
Harrison, Indiana,B19101_009,495,"$40,000 to $44,999"
Harrison, Indiana,B19101_010,552,"$45,000 to $49,999"
Harrison, Indiana,B19101_011,885,"$50,000 to $59,999"
Harrison, Indiana,B19101_012,1103,"$60,000 to $74,999"
Harrison, Indiana,B19101_013,2255,"$75,000 to $99,999"
Harrison, Indiana,B19101_014,1013,"$100,000 to $124,999"
Harrison, Indiana,B19101_015,510,"$125,000 to $149,999"
Harrison, Indiana,B19101_016,696,"$150,000 to $199,999"
Harrison, Indiana,B19101_017,406,"$200,000 or more"
Hendricks, Indiana,B19101_002,519,"Less than $10,000"
Hendricks, Indiana,B19101_003,381,"$10,000 to $14,999"
Hendricks, Indiana,B19101_004,648,"$15,000 to $19,999"
Hendricks, Indiana,B19101_005,598,"$20,000 to $24,999"
Hendricks, Indiana,B19101_006,918,"$25,000 to $29,999"
Hendricks, Indiana,B19101_007,803,"$30,000 to $34,999"
Hendricks, Indiana,B19101_008,1121,"$35,000 to $39,999"
Hendricks, Indiana,B19101_009,1766,"$40,000 to $44,999"
Hendricks, Indiana,B19101_010,1434,"$45,000 to $49,999"
Hendricks, Indiana,B19101_011,3178,"$50,000 to $59,999"
Hendricks, Indiana,B19101_012,4990,"$60,000 to $74,999"
Hendricks, Indiana,B19101_013,7675,"$75,000 to $99,999"
Hendricks, Indiana,B19101_014,6762,"$100,000 to $124,999"
Hendricks, Indiana,B19101_015,4770,"$125,000 to $149,999"
Hendricks, Indiana,B19101_016,4438,"$150,000 to $199,999"
Hendricks, Indiana,B19101_017,2938,"$200,000 or more"
Henry, Indiana,B19101_002,748,"Less than $10,000"
Henry, Indiana,B19101_003,284,"$10,000 to $14,999"
Henry, Indiana,B19101_004,437,"$15,000 to $19,999"
Henry, Indiana,B19101_005,575,"$20,000 to $24,999"
Henry, Indiana,B19101_006,570,"$25,000 to $29,999"
Henry, Indiana,B19101_007,549,"$30,000 to $34,999"
Henry, Indiana,B19101_008,646,"$35,000 to $39,999"
Henry, Indiana,B19101_009,744,"$40,000 to $44,999"
Henry, Indiana,B19101_010,644,"$45,000 to $49,999"
Henry, Indiana,B19101_011,1028,"$50,000 to $59,999"
Henry, Indiana,B19101_012,1926,"$60,000 to $74,999"
Henry, Indiana,B19101_013,1876,"$75,000 to $99,999"
Henry, Indiana,B19101_014,1161,"$100,000 to $124,999"
Henry, Indiana,B19101_015,508,"$125,000 to $149,999"
Henry, Indiana,B19101_016,392,"$150,000 to $199,999"
Henry, Indiana,B19101_017,255,"$200,000 or more"
Howard, Indiana,B19101_002,1376,"Less than $10,000"
Howard, Indiana,B19101_003,825,"$10,000 to $14,999"
Howard, Indiana,B19101_004,663,"$15,000 to $19,999"
Howard, Indiana,B19101_005,735,"$20,000 to $24,999"
Howard, Indiana,B19101_006,594,"$25,000 to $29,999"
Howard, Indiana,B19101_007,1128,"$30,000 to $34,999"
Howard, Indiana,B19101_008,996,"$35,000 to $39,999"
Howard, Indiana,B19101_009,899,"$40,000 to $44,999"
Howard, Indiana,B19101_010,917,"$45,000 to $49,999"
Howard, Indiana,B19101_011,2269,"$50,000 to $59,999"
Howard, Indiana,B19101_012,2585,"$60,000 to $74,999"
Howard, Indiana,B19101_013,3950,"$75,000 to $99,999"
Howard, Indiana,B19101_014,2332,"$100,000 to $124,999"
Howard, Indiana,B19101_015,1318,"$125,000 to $149,999"
Howard, Indiana,B19101_016,1279,"$150,000 to $199,999"
Howard, Indiana,B19101_017,709,"$200,000 or more"
Huntington, Indiana,B19101_002,172,"Less than $10,000"
Huntington, Indiana,B19101_003,191,"$10,000 to $14,999"
Huntington, Indiana,B19101_004,256,"$15,000 to $19,999"
Huntington, Indiana,B19101_005,541,"$20,000 to $24,999"
Huntington, Indiana,B19101_006,362,"$25,000 to $29,999"
Huntington, Indiana,B19101_007,379,"$30,000 to $34,999"
Huntington, Indiana,B19101_008,631,"$35,000 to $39,999"
Huntington, Indiana,B19101_009,511,"$40,000 to $44,999"
Huntington, Indiana,B19101_010,613,"$45,000 to $49,999"
Huntington, Indiana,B19101_011,1208,"$50,000 to $59,999"
Huntington, Indiana,B19101_012,1338,"$60,000 to $74,999"
Huntington, Indiana,B19101_013,1677,"$75,000 to $99,999"
Huntington, Indiana,B19101_014,1188,"$100,000 to $124,999"
Huntington, Indiana,B19101_015,467,"$125,000 to $149,999"
Huntington, Indiana,B19101_016,402,"$150,000 to $199,999"
Huntington, Indiana,B19101_017,223,"$200,000 or more"
Jackson, Indiana,B19101_002,538,"Less than $10,000"
Jackson, Indiana,B19101_003,394,"$10,000 to $14,999"
Jackson, Indiana,B19101_004,340,"$15,000 to $19,999"
Jackson, Indiana,B19101_005,428,"$20,000 to $24,999"
Jackson, Indiana,B19101_006,655,"$25,000 to $29,999"
Jackson, Indiana,B19101_007,649,"$30,000 to $34,999"
Jackson, Indiana,B19101_008,732,"$35,000 to $39,999"
Jackson, Indiana,B19101_009,593,"$40,000 to $44,999"
Jackson, Indiana,B19101_010,536,"$45,000 to $49,999"
Jackson, Indiana,B19101_011,1055,"$50,000 to $59,999"
Jackson, Indiana,B19101_012,1400,"$60,000 to $74,999"
Jackson, Indiana,B19101_013,1811,"$75,000 to $99,999"
Jackson, Indiana,B19101_014,1292,"$100,000 to $124,999"
Jackson, Indiana,B19101_015,511,"$125,000 to $149,999"
Jackson, Indiana,B19101_016,617,"$150,000 to $199,999"
Jackson, Indiana,B19101_017,269,"$200,000 or more"
Jasper, Indiana,B19101_002,316,"Less than $10,000"
Jasper, Indiana,B19101_003,94,"$10,000 to $14,999"
Jasper, Indiana,B19101_004,194,"$15,000 to $19,999"
Jasper, Indiana,B19101_005,283,"$20,000 to $24,999"
Jasper, Indiana,B19101_006,309,"$25,000 to $29,999"
Jasper, Indiana,B19101_007,440,"$30,000 to $34,999"
Jasper, Indiana,B19101_008,352,"$35,000 to $39,999"
Jasper, Indiana,B19101_009,569,"$40,000 to $44,999"
Jasper, Indiana,B19101_010,343,"$45,000 to $49,999"
Jasper, Indiana,B19101_011,812,"$50,000 to $59,999"
Jasper, Indiana,B19101_012,1184,"$60,000 to $74,999"
Jasper, Indiana,B19101_013,1704,"$75,000 to $99,999"
Jasper, Indiana,B19101_014,1066,"$100,000 to $124,999"
Jasper, Indiana,B19101_015,457,"$125,000 to $149,999"
Jasper, Indiana,B19101_016,478,"$150,000 to $199,999"
Jasper, Indiana,B19101_017,183,"$200,000 or more"
Jay, Indiana,B19101_002,212,"Less than $10,000"
Jay, Indiana,B19101_003,149,"$10,000 to $14,999"
Jay, Indiana,B19101_004,155,"$15,000 to $19,999"
Jay, Indiana,B19101_005,226,"$20,000 to $24,999"
Jay, Indiana,B19101_006,309,"$25,000 to $29,999"
Jay, Indiana,B19101_007,291,"$30,000 to $34,999"
Jay, Indiana,B19101_008,255,"$35,000 to $39,999"
Jay, Indiana,B19101_009,353,"$40,000 to $44,999"
Jay, Indiana,B19101_010,231,"$45,000 to $49,999"
Jay, Indiana,B19101_011,635,"$50,000 to $59,999"
Jay, Indiana,B19101_012,823,"$60,000 to $74,999"
Jay, Indiana,B19101_013,820,"$75,000 to $99,999"
Jay, Indiana,B19101_014,489,"$100,000 to $124,999"
Jay, Indiana,B19101_015,248,"$125,000 to $149,999"
Jay, Indiana,B19101_016,116,"$150,000 to $199,999"
Jay, Indiana,B19101_017,79,"$200,000 or more"
Jefferson, Indiana,B19101_002,368,"Less than $10,000"
Jefferson, Indiana,B19101_003,289,"$10,000 to $14,999"
Jefferson, Indiana,B19101_004,230,"$15,000 to $19,999"
Jefferson, Indiana,B19101_005,416,"$20,000 to $24,999"
Jefferson, Indiana,B19101_006,326,"$25,000 to $29,999"
Jefferson, Indiana,B19101_007,370,"$30,000 to $34,999"
Jefferson, Indiana,B19101_008,540,"$35,000 to $39,999"
Jefferson, Indiana,B19101_009,320,"$40,000 to $44,999"
Jefferson, Indiana,B19101_010,449,"$45,000 to $49,999"
Jefferson, Indiana,B19101_011,1037,"$50,000 to $59,999"
Jefferson, Indiana,B19101_012,835,"$60,000 to $74,999"
Jefferson, Indiana,B19101_013,1572,"$75,000 to $99,999"
Jefferson, Indiana,B19101_014,744,"$100,000 to $124,999"
Jefferson, Indiana,B19101_015,597,"$125,000 to $149,999"
Jefferson, Indiana,B19101_016,447,"$150,000 to $199,999"
Jefferson, Indiana,B19101_017,201,"$200,000 or more"
Jennings, Indiana,B19101_002,214,"Less than $10,000"
Jennings, Indiana,B19101_003,256,"$10,000 to $14,999"
Jennings, Indiana,B19101_004,215,"$15,000 to $19,999"
Jennings, Indiana,B19101_005,279,"$20,000 to $24,999"
Jennings, Indiana,B19101_006,294,"$25,000 to $29,999"
Jennings, Indiana,B19101_007,238,"$30,000 to $34,999"
Jennings, Indiana,B19101_008,448,"$35,000 to $39,999"
Jennings, Indiana,B19101_009,568,"$40,000 to $44,999"
Jennings, Indiana,B19101_010,299,"$45,000 to $49,999"
Jennings, Indiana,B19101_011,656,"$50,000 to $59,999"
Jennings, Indiana,B19101_012,1183,"$60,000 to $74,999"
Jennings, Indiana,B19101_013,1068,"$75,000 to $99,999"
Jennings, Indiana,B19101_014,728,"$100,000 to $124,999"
Jennings, Indiana,B19101_015,334,"$125,000 to $149,999"
Jennings, Indiana,B19101_016,224,"$150,000 to $199,999"
Jennings, Indiana,B19101_017,122,"$200,000 or more"
Johnson, Indiana,B19101_002,896,"Less than $10,000"
Johnson, Indiana,B19101_003,518,"$10,000 to $14,999"
Johnson, Indiana,B19101_004,615,"$15,000 to $19,999"
Johnson, Indiana,B19101_005,1040,"$20,000 to $24,999"
Johnson, Indiana,B19101_006,1379,"$25,000 to $29,999"
Johnson, Indiana,B19101_007,1344,"$30,000 to $34,999"
Johnson, Indiana,B19101_008,1181,"$35,000 to $39,999"
Johnson, Indiana,B19101_009,1334,"$40,000 to $44,999"
Johnson, Indiana,B19101_010,1439,"$45,000 to $49,999"
Johnson, Indiana,B19101_011,3837,"$50,000 to $59,999"
Johnson, Indiana,B19101_012,4485,"$60,000 to $74,999"
Johnson, Indiana,B19101_013,7124,"$75,000 to $99,999"
Johnson, Indiana,B19101_014,5358,"$100,000 to $124,999"
Johnson, Indiana,B19101_015,3544,"$125,000 to $149,999"
Johnson, Indiana,B19101_016,3473,"$150,000 to $199,999"
Johnson, Indiana,B19101_017,2785,"$200,000 or more"
Knox, Indiana,B19101_002,575,"Less than $10,000"
Knox, Indiana,B19101_003,213,"$10,000 to $14,999"
Knox, Indiana,B19101_004,365,"$15,000 to $19,999"
Knox, Indiana,B19101_005,536,"$20,000 to $24,999"
Knox, Indiana,B19101_006,511,"$25,000 to $29,999"
Knox, Indiana,B19101_007,371,"$30,000 to $34,999"
Knox, Indiana,B19101_008,452,"$35,000 to $39,999"
Knox, Indiana,B19101_009,475,"$40,000 to $44,999"
Knox, Indiana,B19101_010,503,"$45,000 to $49,999"
Knox, Indiana,B19101_011,863,"$50,000 to $59,999"
Knox, Indiana,B19101_012,1303,"$60,000 to $74,999"
Knox, Indiana,B19101_013,1526,"$75,000 to $99,999"
Knox, Indiana,B19101_014,905,"$100,000 to $124,999"
Knox, Indiana,B19101_015,324,"$125,000 to $149,999"
Knox, Indiana,B19101_016,596,"$150,000 to $199,999"
Knox, Indiana,B19101_017,234,"$200,000 or more"
Kosciusko, Indiana,B19101_002,442,"Less than $10,000"
Kosciusko, Indiana,B19101_003,392,"$10,000 to $14,999"
Kosciusko, Indiana,B19101_004,639,"$15,000 to $19,999"
Kosciusko, Indiana,B19101_005,820,"$20,000 to $24,999"
Kosciusko, Indiana,B19101_006,842,"$25,000 to $29,999"
Kosciusko, Indiana,B19101_007,844,"$30,000 to $34,999"
Kosciusko, Indiana,B19101_008,1028,"$35,000 to $39,999"
Kosciusko, Indiana,B19101_009,1316,"$40,000 to $44,999"
Kosciusko, Indiana,B19101_010,1073,"$45,000 to $49,999"
Kosciusko, Indiana,B19101_011,2092,"$50,000 to $59,999"
Kosciusko, Indiana,B19101_012,2815,"$60,000 to $74,999"
Kosciusko, Indiana,B19101_013,3626,"$75,000 to $99,999"
Kosciusko, Indiana,B19101_014,2506,"$100,000 to $124,999"
Kosciusko, Indiana,B19101_015,1234,"$125,000 to $149,999"
Kosciusko, Indiana,B19101_016,989,"$150,000 to $199,999"
Kosciusko, Indiana,B19101_017,1027,"$200,000 or more"
LaGrange, Indiana,B19101_002,246,"Less than $10,000"
LaGrange, Indiana,B19101_003,99,"$10,000 to $14,999"
LaGrange, Indiana,B19101_004,183,"$15,000 to $19,999"
LaGrange, Indiana,B19101_005,246,"$20,000 to $24,999"
LaGrange, Indiana,B19101_006,299,"$25,000 to $29,999"
LaGrange, Indiana,B19101_007,398,"$30,000 to $34,999"
LaGrange, Indiana,B19101_008,542,"$35,000 to $39,999"
LaGrange, Indiana,B19101_009,537,"$40,000 to $44,999"
LaGrange, Indiana,B19101_010,436,"$45,000 to $49,999"
LaGrange, Indiana,B19101_011,988,"$50,000 to $59,999"
LaGrange, Indiana,B19101_012,1446,"$60,000 to $74,999"
LaGrange, Indiana,B19101_013,1745,"$75,000 to $99,999"
LaGrange, Indiana,B19101_014,877,"$100,000 to $124,999"
LaGrange, Indiana,B19101_015,497,"$125,000 to $149,999"
LaGrange, Indiana,B19101_016,576,"$150,000 to $199,999"
LaGrange, Indiana,B19101_017,331,"$200,000 or more"
Lake, Indiana,B19101_002,6886,"Less than $10,000"
Lake, Indiana,B19101_003,3780,"$10,000 to $14,999"
Lake, Indiana,B19101_004,4031,"$15,000 to $19,999"
Lake, Indiana,B19101_005,4215,"$20,000 to $24,999"
Lake, Indiana,B19101_006,5078,"$25,000 to $29,999"
Lake, Indiana,B19101_007,4822,"$30,000 to $34,999"
Lake, Indiana,B19101_008,5518,"$35,000 to $39,999"
Lake, Indiana,B19101_009,5311,"$40,000 to $44,999"
Lake, Indiana,B19101_010,4946,"$45,000 to $49,999"
Lake, Indiana,B19101_011,10516,"$50,000 to $59,999"
Lake, Indiana,B19101_012,13404,"$60,000 to $74,999"
Lake, Indiana,B19101_013,18923,"$75,000 to $99,999"
Lake, Indiana,B19101_014,13456,"$100,000 to $124,999"
Lake, Indiana,B19101_015,8305,"$125,000 to $149,999"
Lake, Indiana,B19101_016,7722,"$150,000 to $199,999"
Lake, Indiana,B19101_017,5585,"$200,000 or more"
LaPorte, Indiana,B19101_002,1369,"Less than $10,000"
LaPorte, Indiana,B19101_003,830,"$10,000 to $14,999"
LaPorte, Indiana,B19101_004,1211,"$15,000 to $19,999"
LaPorte, Indiana,B19101_005,847,"$20,000 to $24,999"
LaPorte, Indiana,B19101_006,1111,"$25,000 to $29,999"
LaPorte, Indiana,B19101_007,1264,"$30,000 to $34,999"
LaPorte, Indiana,B19101_008,1315,"$35,000 to $39,999"
LaPorte, Indiana,B19101_009,1503,"$40,000 to $44,999"
LaPorte, Indiana,B19101_010,1187,"$45,000 to $49,999"
LaPorte, Indiana,B19101_011,2464,"$50,000 to $59,999"
LaPorte, Indiana,B19101_012,3606,"$60,000 to $74,999"
LaPorte, Indiana,B19101_013,4644,"$75,000 to $99,999"
LaPorte, Indiana,B19101_014,2500,"$100,000 to $124,999"
LaPorte, Indiana,B19101_015,1764,"$125,000 to $149,999"
LaPorte, Indiana,B19101_016,1329,"$150,000 to $199,999"
LaPorte, Indiana,B19101_017,1084,"$200,000 or more"
Lawrence, Indiana,B19101_002,429,"Less than $10,000"
Lawrence, Indiana,B19101_003,428,"$10,000 to $14,999"
Lawrence, Indiana,B19101_004,465,"$15,000 to $19,999"
Lawrence, Indiana,B19101_005,523,"$20,000 to $24,999"
Lawrence, Indiana,B19101_006,472,"$25,000 to $29,999"
Lawrence, Indiana,B19101_007,713,"$30,000 to $34,999"
Lawrence, Indiana,B19101_008,630,"$35,000 to $39,999"
Lawrence, Indiana,B19101_009,629,"$40,000 to $44,999"
Lawrence, Indiana,B19101_010,564,"$45,000 to $49,999"
Lawrence, Indiana,B19101_011,1396,"$50,000 to $59,999"
Lawrence, Indiana,B19101_012,1764,"$60,000 to $74,999"
Lawrence, Indiana,B19101_013,2264,"$75,000 to $99,999"
Lawrence, Indiana,B19101_014,1348,"$100,000 to $124,999"
Lawrence, Indiana,B19101_015,571,"$125,000 to $149,999"
Lawrence, Indiana,B19101_016,444,"$150,000 to $199,999"
Lawrence, Indiana,B19101_017,303,"$200,000 or more"
Madison, Indiana,B19101_002,1678,"Less than $10,000"
Madison, Indiana,B19101_003,1262,"$10,000 to $14,999"
Madison, Indiana,B19101_004,1446,"$15,000 to $19,999"
Madison, Indiana,B19101_005,1576,"$20,000 to $24,999"
Madison, Indiana,B19101_006,1619,"$25,000 to $29,999"
Madison, Indiana,B19101_007,1684,"$30,000 to $34,999"
Madison, Indiana,B19101_008,1650,"$35,000 to $39,999"
Madison, Indiana,B19101_009,1639,"$40,000 to $44,999"
Madison, Indiana,B19101_010,1511,"$45,000 to $49,999"
Madison, Indiana,B19101_011,3191,"$50,000 to $59,999"
Madison, Indiana,B19101_012,4703,"$60,000 to $74,999"
Madison, Indiana,B19101_013,4711,"$75,000 to $99,999"
Madison, Indiana,B19101_014,3454,"$100,000 to $124,999"
Madison, Indiana,B19101_015,1809,"$125,000 to $149,999"
Madison, Indiana,B19101_016,1206,"$150,000 to $199,999"
Madison, Indiana,B19101_017,851,"$200,000 or more"
Marion, Indiana,B19101_002,11847,"Less than $10,000"
Marion, Indiana,B19101_003,6695,"$10,000 to $14,999"
Marion, Indiana,B19101_004,8067,"$15,000 to $19,999"
Marion, Indiana,B19101_005,9727,"$20,000 to $24,999"
Marion, Indiana,B19101_006,10023,"$25,000 to $29,999"
Marion, Indiana,B19101_007,9961,"$30,000 to $34,999"
Marion, Indiana,B19101_008,10225,"$35,000 to $39,999"
Marion, Indiana,B19101_009,10127,"$40,000 to $44,999"
Marion, Indiana,B19101_010,9129,"$45,000 to $49,999"
Marion, Indiana,B19101_011,17127,"$50,000 to $59,999"
Marion, Indiana,B19101_012,21521,"$60,000 to $74,999"
Marion, Indiana,B19101_013,27450,"$75,000 to $99,999"
Marion, Indiana,B19101_014,18529,"$100,000 to $124,999"
Marion, Indiana,B19101_015,11899,"$125,000 to $149,999"
Marion, Indiana,B19101_016,11675,"$150,000 to $199,999"
Marion, Indiana,B19101_017,10536,"$200,000 or more"
Marshall, Indiana,B19101_002,274,"Less than $10,000"
Marshall, Indiana,B19101_003,297,"$10,000 to $14,999"
Marshall, Indiana,B19101_004,267,"$15,000 to $19,999"
Marshall, Indiana,B19101_005,427,"$20,000 to $24,999"
Marshall, Indiana,B19101_006,671,"$25,000 to $29,999"
Marshall, Indiana,B19101_007,486,"$30,000 to $34,999"
Marshall, Indiana,B19101_008,566,"$35,000 to $39,999"
Marshall, Indiana,B19101_009,588,"$40,000 to $44,999"
Marshall, Indiana,B19101_010,486,"$45,000 to $49,999"
Marshall, Indiana,B19101_011,1296,"$50,000 to $59,999"
Marshall, Indiana,B19101_012,1645,"$60,000 to $74,999"
Marshall, Indiana,B19101_013,2040,"$75,000 to $99,999"
Marshall, Indiana,B19101_014,1272,"$100,000 to $124,999"
Marshall, Indiana,B19101_015,771,"$125,000 to $149,999"
Marshall, Indiana,B19101_016,485,"$150,000 to $199,999"
Marshall, Indiana,B19101_017,350,"$200,000 or more"
Martin, Indiana,B19101_002,92,"Less than $10,000"
Martin, Indiana,B19101_003,70,"$10,000 to $14,999"
Martin, Indiana,B19101_004,112,"$15,000 to $19,999"
Martin, Indiana,B19101_005,71,"$20,000 to $24,999"
Martin, Indiana,B19101_006,131,"$25,000 to $29,999"
Martin, Indiana,B19101_007,67,"$30,000 to $34,999"
Martin, Indiana,B19101_008,136,"$35,000 to $39,999"
Martin, Indiana,B19101_009,111,"$40,000 to $44,999"
Martin, Indiana,B19101_010,111,"$45,000 to $49,999"
Martin, Indiana,B19101_011,337,"$50,000 to $59,999"
Martin, Indiana,B19101_012,354,"$60,000 to $74,999"
Martin, Indiana,B19101_013,499,"$75,000 to $99,999"
Martin, Indiana,B19101_014,301,"$100,000 to $124,999"
Martin, Indiana,B19101_015,127,"$125,000 to $149,999"
Martin, Indiana,B19101_016,97,"$150,000 to $199,999"
Martin, Indiana,B19101_017,66,"$200,000 or more"
Miami, Indiana,B19101_002,429,"Less than $10,000"
Miami, Indiana,B19101_003,198,"$10,000 to $14,999"
Miami, Indiana,B19101_004,322,"$15,000 to $19,999"
Miami, Indiana,B19101_005,618,"$20,000 to $24,999"
Miami, Indiana,B19101_006,444,"$25,000 to $29,999"
Miami, Indiana,B19101_007,405,"$30,000 to $34,999"
Miami, Indiana,B19101_008,454,"$35,000 to $39,999"
Miami, Indiana,B19101_009,357,"$40,000 to $44,999"
Miami, Indiana,B19101_010,558,"$45,000 to $49,999"
Miami, Indiana,B19101_011,977,"$50,000 to $59,999"
Miami, Indiana,B19101_012,1288,"$60,000 to $74,999"
Miami, Indiana,B19101_013,1493,"$75,000 to $99,999"
Miami, Indiana,B19101_014,871,"$100,000 to $124,999"
Miami, Indiana,B19101_015,470,"$125,000 to $149,999"
Miami, Indiana,B19101_016,286,"$150,000 to $199,999"
Miami, Indiana,B19101_017,148,"$200,000 or more"
Monroe, Indiana,B19101_002,1531,"Less than $10,000"
Monroe, Indiana,B19101_003,903,"$10,000 to $14,999"
Monroe, Indiana,B19101_004,1102,"$15,000 to $19,999"
Monroe, Indiana,B19101_005,947,"$20,000 to $24,999"
Monroe, Indiana,B19101_006,1193,"$25,000 to $29,999"
Monroe, Indiana,B19101_007,1096,"$30,000 to $34,999"
Monroe, Indiana,B19101_008,876,"$35,000 to $39,999"
Monroe, Indiana,B19101_009,1157,"$40,000 to $44,999"
Monroe, Indiana,B19101_010,1149,"$45,000 to $49,999"
Monroe, Indiana,B19101_011,2484,"$50,000 to $59,999"
Monroe, Indiana,B19101_012,3037,"$60,000 to $74,999"
Monroe, Indiana,B19101_013,3979,"$75,000 to $99,999"
Monroe, Indiana,B19101_014,3444,"$100,000 to $124,999"
Monroe, Indiana,B19101_015,2212,"$125,000 to $149,999"
Monroe, Indiana,B19101_016,2042,"$150,000 to $199,999"
Monroe, Indiana,B19101_017,1983,"$200,000 or more"
Montgomery, Indiana,B19101_002,244,"Less than $10,000"
Montgomery, Indiana,B19101_003,68,"$10,000 to $14,999"
Montgomery, Indiana,B19101_004,266,"$15,000 to $19,999"
Montgomery, Indiana,B19101_005,306,"$20,000 to $24,999"
Montgomery, Indiana,B19101_006,411,"$25,000 to $29,999"
Montgomery, Indiana,B19101_007,581,"$30,000 to $34,999"
Montgomery, Indiana,B19101_008,592,"$35,000 to $39,999"
Montgomery, Indiana,B19101_009,606,"$40,000 to $44,999"
Montgomery, Indiana,B19101_010,489,"$45,000 to $49,999"
Montgomery, Indiana,B19101_011,1108,"$50,000 to $59,999"
Montgomery, Indiana,B19101_012,1219,"$60,000 to $74,999"
Montgomery, Indiana,B19101_013,1910,"$75,000 to $99,999"
Montgomery, Indiana,B19101_014,1078,"$100,000 to $124,999"
Montgomery, Indiana,B19101_015,580,"$125,000 to $149,999"
Montgomery, Indiana,B19101_016,509,"$150,000 to $199,999"
Montgomery, Indiana,B19101_017,348,"$200,000 or more"
Morgan, Indiana,B19101_002,520,"Less than $10,000"
Morgan, Indiana,B19101_003,455,"$10,000 to $14,999"
Morgan, Indiana,B19101_004,344,"$15,000 to $19,999"
Morgan, Indiana,B19101_005,565,"$20,000 to $24,999"
Morgan, Indiana,B19101_006,560,"$25,000 to $29,999"
Morgan, Indiana,B19101_007,844,"$30,000 to $34,999"
Morgan, Indiana,B19101_008,698,"$35,000 to $39,999"
Morgan, Indiana,B19101_009,945,"$40,000 to $44,999"
Morgan, Indiana,B19101_010,860,"$45,000 to $49,999"
Morgan, Indiana,B19101_011,1690,"$50,000 to $59,999"
Morgan, Indiana,B19101_012,2439,"$60,000 to $74,999"
Morgan, Indiana,B19101_013,3149,"$75,000 to $99,999"
Morgan, Indiana,B19101_014,2240,"$100,000 to $124,999"
Morgan, Indiana,B19101_015,1546,"$125,000 to $149,999"
Morgan, Indiana,B19101_016,1174,"$150,000 to $199,999"
Morgan, Indiana,B19101_017,621,"$200,000 or more"
Newton, Indiana,B19101_002,232,"Less than $10,000"
Newton, Indiana,B19101_003,45,"$10,000 to $14,999"
Newton, Indiana,B19101_004,55,"$15,000 to $19,999"
Newton, Indiana,B19101_005,119,"$20,000 to $24,999"
Newton, Indiana,B19101_006,211,"$25,000 to $29,999"
Newton, Indiana,B19101_007,301,"$30,000 to $34,999"
Newton, Indiana,B19101_008,164,"$35,000 to $39,999"
Newton, Indiana,B19101_009,165,"$40,000 to $44,999"
Newton, Indiana,B19101_010,210,"$45,000 to $49,999"
Newton, Indiana,B19101_011,354,"$50,000 to $59,999"
Newton, Indiana,B19101_012,552,"$60,000 to $74,999"
Newton, Indiana,B19101_013,725,"$75,000 to $99,999"
Newton, Indiana,B19101_014,340,"$100,000 to $124,999"
Newton, Indiana,B19101_015,206,"$125,000 to $149,999"
Newton, Indiana,B19101_016,75,"$150,000 to $199,999"
Newton, Indiana,B19101_017,82,"$200,000 or more"
Noble, Indiana,B19101_002,368,"Less than $10,000"
Noble, Indiana,B19101_003,111,"$10,000 to $14,999"
Noble, Indiana,B19101_004,374,"$15,000 to $19,999"
Noble, Indiana,B19101_005,366,"$20,000 to $24,999"
Noble, Indiana,B19101_006,499,"$25,000 to $29,999"
Noble, Indiana,B19101_007,742,"$30,000 to $34,999"
Noble, Indiana,B19101_008,619,"$35,000 to $39,999"
Noble, Indiana,B19101_009,819,"$40,000 to $44,999"
Noble, Indiana,B19101_010,519,"$45,000 to $49,999"
Noble, Indiana,B19101_011,1278,"$50,000 to $59,999"
Noble, Indiana,B19101_012,2079,"$60,000 to $74,999"
Noble, Indiana,B19101_013,2282,"$75,000 to $99,999"
Noble, Indiana,B19101_014,1197,"$100,000 to $124,999"
Noble, Indiana,B19101_015,596,"$125,000 to $149,999"
Noble, Indiana,B19101_016,507,"$150,000 to $199,999"
Noble, Indiana,B19101_017,398,"$200,000 or more"
Ohio, Indiana,B19101_002,34,"Less than $10,000"
Ohio, Indiana,B19101_003,3,"$10,000 to $14,999"
Ohio, Indiana,B19101_004,42,"$15,000 to $19,999"
Ohio, Indiana,B19101_005,15,"$20,000 to $24,999"
Ohio, Indiana,B19101_006,39,"$25,000 to $29,999"
Ohio, Indiana,B19101_007,39,"$30,000 to $34,999"
Ohio, Indiana,B19101_008,84,"$35,000 to $39,999"
Ohio, Indiana,B19101_009,67,"$40,000 to $44,999"
Ohio, Indiana,B19101_010,92,"$45,000 to $49,999"
Ohio, Indiana,B19101_011,175,"$50,000 to $59,999"
Ohio, Indiana,B19101_012,312,"$60,000 to $74,999"
Ohio, Indiana,B19101_013,335,"$75,000 to $99,999"
Ohio, Indiana,B19101_014,314,"$100,000 to $124,999"
Ohio, Indiana,B19101_015,129,"$125,000 to $149,999"
Ohio, Indiana,B19101_016,47,"$150,000 to $199,999"
Ohio, Indiana,B19101_017,29,"$200,000 or more"
Orange, Indiana,B19101_002,233,"Less than $10,000"
Orange, Indiana,B19101_003,221,"$10,000 to $14,999"
Orange, Indiana,B19101_004,181,"$15,000 to $19,999"
Orange, Indiana,B19101_005,204,"$20,000 to $24,999"
Orange, Indiana,B19101_006,281,"$25,000 to $29,999"
Orange, Indiana,B19101_007,394,"$30,000 to $34,999"
Orange, Indiana,B19101_008,302,"$35,000 to $39,999"
Orange, Indiana,B19101_009,199,"$40,000 to $44,999"
Orange, Indiana,B19101_010,251,"$45,000 to $49,999"
Orange, Indiana,B19101_011,541,"$50,000 to $59,999"
Orange, Indiana,B19101_012,736,"$60,000 to $74,999"
Orange, Indiana,B19101_013,768,"$75,000 to $99,999"
Orange, Indiana,B19101_014,356,"$100,000 to $124,999"
Orange, Indiana,B19101_015,378,"$125,000 to $149,999"
Orange, Indiana,B19101_016,142,"$150,000 to $199,999"
Orange, Indiana,B19101_017,106,"$200,000 or more"
Owen, Indiana,B19101_002,184,"Less than $10,000"
Owen, Indiana,B19101_003,129,"$10,000 to $14,999"
Owen, Indiana,B19101_004,251,"$15,000 to $19,999"
Owen, Indiana,B19101_005,273,"$20,000 to $24,999"
Owen, Indiana,B19101_006,307,"$25,000 to $29,999"
Owen, Indiana,B19101_007,331,"$30,000 to $34,999"
Owen, Indiana,B19101_008,229,"$35,000 to $39,999"
Owen, Indiana,B19101_009,375,"$40,000 to $44,999"
Owen, Indiana,B19101_010,327,"$45,000 to $49,999"
Owen, Indiana,B19101_011,529,"$50,000 to $59,999"
Owen, Indiana,B19101_012,1043,"$60,000 to $74,999"
Owen, Indiana,B19101_013,887,"$75,000 to $99,999"
Owen, Indiana,B19101_014,513,"$100,000 to $124,999"
Owen, Indiana,B19101_015,325,"$125,000 to $149,999"
Owen, Indiana,B19101_016,103,"$150,000 to $199,999"
Owen, Indiana,B19101_017,82,"$200,000 or more"
Parke, Indiana,B19101_002,181,"Less than $10,000"
Parke, Indiana,B19101_003,131,"$10,000 to $14,999"
Parke, Indiana,B19101_004,146,"$15,000 to $19,999"
Parke, Indiana,B19101_005,150,"$20,000 to $24,999"
Parke, Indiana,B19101_006,304,"$25,000 to $29,999"
Parke, Indiana,B19101_007,299,"$30,000 to $34,999"
Parke, Indiana,B19101_008,256,"$35,000 to $39,999"
Parke, Indiana,B19101_009,227,"$40,000 to $44,999"
Parke, Indiana,B19101_010,179,"$45,000 to $49,999"
Parke, Indiana,B19101_011,496,"$50,000 to $59,999"
Parke, Indiana,B19101_012,548,"$60,000 to $74,999"
Parke, Indiana,B19101_013,704,"$75,000 to $99,999"
Parke, Indiana,B19101_014,276,"$100,000 to $124,999"
Parke, Indiana,B19101_015,207,"$125,000 to $149,999"
Parke, Indiana,B19101_016,272,"$150,000 to $199,999"
Parke, Indiana,B19101_017,66,"$200,000 or more"
Perry, Indiana,B19101_002,264,"Less than $10,000"
Perry, Indiana,B19101_003,244,"$10,000 to $14,999"
Perry, Indiana,B19101_004,145,"$15,000 to $19,999"
Perry, Indiana,B19101_005,201,"$20,000 to $24,999"
Perry, Indiana,B19101_006,163,"$25,000 to $29,999"
Perry, Indiana,B19101_007,111,"$30,000 to $34,999"
Perry, Indiana,B19101_008,149,"$35,000 to $39,999"
Perry, Indiana,B19101_009,284,"$40,000 to $44,999"
Perry, Indiana,B19101_010,177,"$45,000 to $49,999"
Perry, Indiana,B19101_011,576,"$50,000 to $59,999"
Perry, Indiana,B19101_012,575,"$60,000 to $74,999"
Perry, Indiana,B19101_013,879,"$75,000 to $99,999"
Perry, Indiana,B19101_014,519,"$100,000 to $124,999"
Perry, Indiana,B19101_015,267,"$125,000 to $149,999"
Perry, Indiana,B19101_016,218,"$150,000 to $199,999"
Perry, Indiana,B19101_017,156,"$200,000 or more"
Pike, Indiana,B19101_002,52,"Less than $10,000"
Pike, Indiana,B19101_003,84,"$10,000 to $14,999"
Pike, Indiana,B19101_004,93,"$15,000 to $19,999"
Pike, Indiana,B19101_005,170,"$20,000 to $24,999"
Pike, Indiana,B19101_006,154,"$25,000 to $29,999"
Pike, Indiana,B19101_007,166,"$30,000 to $34,999"
Pike, Indiana,B19101_008,151,"$35,000 to $39,999"
Pike, Indiana,B19101_009,234,"$40,000 to $44,999"
Pike, Indiana,B19101_010,84,"$45,000 to $49,999"
Pike, Indiana,B19101_011,383,"$50,000 to $59,999"
Pike, Indiana,B19101_012,402,"$60,000 to $74,999"
Pike, Indiana,B19101_013,497,"$75,000 to $99,999"
Pike, Indiana,B19101_014,294,"$100,000 to $124,999"
Pike, Indiana,B19101_015,274,"$125,000 to $149,999"
Pike, Indiana,B19101_016,289,"$150,000 to $199,999"
Pike, Indiana,B19101_017,25,"$200,000 or more"
Porter, Indiana,B19101_002,1257,"Less than $10,000"
Porter, Indiana,B19101_003,1249,"$10,000 to $14,999"
Porter, Indiana,B19101_004,1103,"$15,000 to $19,999"
Porter, Indiana,B19101_005,849,"$20,000 to $24,999"
Porter, Indiana,B19101_006,1131,"$25,000 to $29,999"
Porter, Indiana,B19101_007,1494,"$30,000 to $34,999"
Porter, Indiana,B19101_008,1408,"$35,000 to $39,999"
Porter, Indiana,B19101_009,1764,"$40,000 to $44,999"
Porter, Indiana,B19101_010,1491,"$45,000 to $49,999"
Porter, Indiana,B19101_011,3114,"$50,000 to $59,999"
Porter, Indiana,B19101_012,4812,"$60,000 to $74,999"
Porter, Indiana,B19101_013,7512,"$75,000 to $99,999"
Porter, Indiana,B19101_014,6470,"$100,000 to $124,999"
Porter, Indiana,B19101_015,4225,"$125,000 to $149,999"
Porter, Indiana,B19101_016,3679,"$150,000 to $199,999"
Porter, Indiana,B19101_017,2882,"$200,000 or more"
Posey, Indiana,B19101_002,212,"Less than $10,000"
Posey, Indiana,B19101_003,116,"$10,000 to $14,999"
Posey, Indiana,B19101_004,165,"$15,000 to $19,999"
Posey, Indiana,B19101_005,195,"$20,000 to $24,999"
Posey, Indiana,B19101_006,217,"$25,000 to $29,999"
Posey, Indiana,B19101_007,207,"$30,000 to $34,999"
Posey, Indiana,B19101_008,344,"$35,000 to $39,999"
Posey, Indiana,B19101_009,291,"$40,000 to $44,999"
Posey, Indiana,B19101_010,277,"$45,000 to $49,999"
Posey, Indiana,B19101_011,717,"$50,000 to $59,999"
Posey, Indiana,B19101_012,919,"$60,000 to $74,999"
Posey, Indiana,B19101_013,1277,"$75,000 to $99,999"
Posey, Indiana,B19101_014,1094,"$100,000 to $124,999"
Posey, Indiana,B19101_015,545,"$125,000 to $149,999"
Posey, Indiana,B19101_016,506,"$150,000 to $199,999"
Posey, Indiana,B19101_017,199,"$200,000 or more"
Pulaski, Indiana,B19101_002,82,"Less than $10,000"
Pulaski, Indiana,B19101_003,117,"$10,000 to $14,999"
Pulaski, Indiana,B19101_004,92,"$15,000 to $19,999"
Pulaski, Indiana,B19101_005,117,"$20,000 to $24,999"
Pulaski, Indiana,B19101_006,177,"$25,000 to $29,999"
Pulaski, Indiana,B19101_007,280,"$30,000 to $34,999"
Pulaski, Indiana,B19101_008,141,"$35,000 to $39,999"
Pulaski, Indiana,B19101_009,235,"$40,000 to $44,999"
Pulaski, Indiana,B19101_010,203,"$45,000 to $49,999"
Pulaski, Indiana,B19101_011,386,"$50,000 to $59,999"
Pulaski, Indiana,B19101_012,429,"$60,000 to $74,999"
Pulaski, Indiana,B19101_013,566,"$75,000 to $99,999"
Pulaski, Indiana,B19101_014,287,"$100,000 to $124,999"
Pulaski, Indiana,B19101_015,172,"$125,000 to $149,999"
Pulaski, Indiana,B19101_016,77,"$150,000 to $199,999"
Pulaski, Indiana,B19101_017,48,"$200,000 or more"
Putnam, Indiana,B19101_002,358,"Less than $10,000"
Putnam, Indiana,B19101_003,186,"$10,000 to $14,999"
Putnam, Indiana,B19101_004,285,"$15,000 to $19,999"
Putnam, Indiana,B19101_005,298,"$20,000 to $24,999"
Putnam, Indiana,B19101_006,532,"$25,000 to $29,999"
Putnam, Indiana,B19101_007,237,"$30,000 to $34,999"
Putnam, Indiana,B19101_008,420,"$35,000 to $39,999"
Putnam, Indiana,B19101_009,418,"$40,000 to $44,999"
Putnam, Indiana,B19101_010,450,"$45,000 to $49,999"
Putnam, Indiana,B19101_011,899,"$50,000 to $59,999"
Putnam, Indiana,B19101_012,1198,"$60,000 to $74,999"
Putnam, Indiana,B19101_013,2040,"$75,000 to $99,999"
Putnam, Indiana,B19101_014,728,"$100,000 to $124,999"
Putnam, Indiana,B19101_015,474,"$125,000 to $149,999"
Putnam, Indiana,B19101_016,504,"$150,000 to $199,999"
Putnam, Indiana,B19101_017,310,"$200,000 or more"
Randolph, Indiana,B19101_002,225,"Less than $10,000"
Randolph, Indiana,B19101_003,201,"$10,000 to $14,999"
Randolph, Indiana,B19101_004,257,"$15,000 to $19,999"
Randolph, Indiana,B19101_005,290,"$20,000 to $24,999"
Randolph, Indiana,B19101_006,355,"$25,000 to $29,999"
Randolph, Indiana,B19101_007,346,"$30,000 to $34,999"
Randolph, Indiana,B19101_008,448,"$35,000 to $39,999"
Randolph, Indiana,B19101_009,367,"$40,000 to $44,999"
Randolph, Indiana,B19101_010,438,"$45,000 to $49,999"
Randolph, Indiana,B19101_011,509,"$50,000 to $59,999"
Randolph, Indiana,B19101_012,904,"$60,000 to $74,999"
Randolph, Indiana,B19101_013,1202,"$75,000 to $99,999"
Randolph, Indiana,B19101_014,675,"$100,000 to $124,999"
Randolph, Indiana,B19101_015,225,"$125,000 to $149,999"
Randolph, Indiana,B19101_016,111,"$150,000 to $199,999"
Randolph, Indiana,B19101_017,110,"$200,000 or more"
Ripley, Indiana,B19101_002,208,"Less than $10,000"
Ripley, Indiana,B19101_003,129,"$10,000 to $14,999"
Ripley, Indiana,B19101_004,250,"$15,000 to $19,999"
Ripley, Indiana,B19101_005,276,"$20,000 to $24,999"
Ripley, Indiana,B19101_006,232,"$25,000 to $29,999"
Ripley, Indiana,B19101_007,428,"$30,000 to $34,999"
Ripley, Indiana,B19101_008,357,"$35,000 to $39,999"
Ripley, Indiana,B19101_009,346,"$40,000 to $44,999"
Ripley, Indiana,B19101_010,324,"$45,000 to $49,999"
Ripley, Indiana,B19101_011,763,"$50,000 to $59,999"
Ripley, Indiana,B19101_012,1081,"$60,000 to $74,999"
Ripley, Indiana,B19101_013,1524,"$75,000 to $99,999"
Ripley, Indiana,B19101_014,860,"$100,000 to $124,999"
Ripley, Indiana,B19101_015,473,"$125,000 to $149,999"
Ripley, Indiana,B19101_016,388,"$150,000 to $199,999"
Ripley, Indiana,B19101_017,207,"$200,000 or more"
Rush, Indiana,B19101_002,261,"Less than $10,000"
Rush, Indiana,B19101_003,220,"$10,000 to $14,999"
Rush, Indiana,B19101_004,132,"$15,000 to $19,999"
Rush, Indiana,B19101_005,156,"$20,000 to $24,999"
Rush, Indiana,B19101_006,145,"$25,000 to $29,999"
Rush, Indiana,B19101_007,320,"$30,000 to $34,999"
Rush, Indiana,B19101_008,114,"$35,000 to $39,999"
Rush, Indiana,B19101_009,208,"$40,000 to $44,999"
Rush, Indiana,B19101_010,379,"$45,000 to $49,999"
Rush, Indiana,B19101_011,407,"$50,000 to $59,999"
Rush, Indiana,B19101_012,596,"$60,000 to $74,999"
Rush, Indiana,B19101_013,782,"$75,000 to $99,999"
Rush, Indiana,B19101_014,530,"$100,000 to $124,999"
Rush, Indiana,B19101_015,146,"$125,000 to $149,999"
Rush, Indiana,B19101_016,230,"$150,000 to $199,999"
Rush, Indiana,B19101_017,115,"$200,000 or more"
St. Joseph, Indiana,B19101_002,3189,"Less than $10,000"
St. Joseph, Indiana,B19101_003,1735,"$10,000 to $14,999"
St. Joseph, Indiana,B19101_004,2167,"$15,000 to $19,999"
St. Joseph, Indiana,B19101_005,2612,"$20,000 to $24,999"
St. Joseph, Indiana,B19101_006,2308,"$25,000 to $29,999"
St. Joseph, Indiana,B19101_007,3024,"$30,000 to $34,999"
St. Joseph, Indiana,B19101_008,3255,"$35,000 to $39,999"
St. Joseph, Indiana,B19101_009,2835,"$40,000 to $44,999"
St. Joseph, Indiana,B19101_010,2572,"$45,000 to $49,999"
St. Joseph, Indiana,B19101_011,5359,"$50,000 to $59,999"
St. Joseph, Indiana,B19101_012,7332,"$60,000 to $74,999"
St. Joseph, Indiana,B19101_013,10192,"$75,000 to $99,999"
St. Joseph, Indiana,B19101_014,6826,"$100,000 to $124,999"
St. Joseph, Indiana,B19101_015,4205,"$125,000 to $149,999"
St. Joseph, Indiana,B19101_016,3246,"$150,000 to $199,999"
St. Joseph, Indiana,B19101_017,3486,"$200,000 or more"
Scott, Indiana,B19101_002,335,"Less than $10,000"
Scott, Indiana,B19101_003,162,"$10,000 to $14,999"
Scott, Indiana,B19101_004,361,"$15,000 to $19,999"
Scott, Indiana,B19101_005,177,"$20,000 to $24,999"
Scott, Indiana,B19101_006,337,"$25,000 to $29,999"
Scott, Indiana,B19101_007,460,"$30,000 to $34,999"
Scott, Indiana,B19101_008,245,"$35,000 to $39,999"
Scott, Indiana,B19101_009,369,"$40,000 to $44,999"
Scott, Indiana,B19101_010,405,"$45,000 to $49,999"
Scott, Indiana,B19101_011,587,"$50,000 to $59,999"
Scott, Indiana,B19101_012,943,"$60,000 to $74,999"
Scott, Indiana,B19101_013,789,"$75,000 to $99,999"
Scott, Indiana,B19101_014,614,"$100,000 to $124,999"
Scott, Indiana,B19101_015,221,"$125,000 to $149,999"
Scott, Indiana,B19101_016,354,"$150,000 to $199,999"
Scott, Indiana,B19101_017,52,"$200,000 or more"
Shelby, Indiana,B19101_002,366,"Less than $10,000"
Shelby, Indiana,B19101_003,230,"$10,000 to $14,999"
Shelby, Indiana,B19101_004,124,"$15,000 to $19,999"
Shelby, Indiana,B19101_005,365,"$20,000 to $24,999"
Shelby, Indiana,B19101_006,525,"$25,000 to $29,999"
Shelby, Indiana,B19101_007,415,"$30,000 to $34,999"
Shelby, Indiana,B19101_008,490,"$35,000 to $39,999"
Shelby, Indiana,B19101_009,721,"$40,000 to $44,999"
Shelby, Indiana,B19101_010,295,"$45,000 to $49,999"
Shelby, Indiana,B19101_011,1099,"$50,000 to $59,999"
Shelby, Indiana,B19101_012,1679,"$60,000 to $74,999"
Shelby, Indiana,B19101_013,2100,"$75,000 to $99,999"
Shelby, Indiana,B19101_014,1479,"$100,000 to $124,999"
Shelby, Indiana,B19101_015,775,"$125,000 to $149,999"
Shelby, Indiana,B19101_016,704,"$150,000 to $199,999"
Shelby, Indiana,B19101_017,554,"$200,000 or more"
Spencer, Indiana,B19101_002,99,"Less than $10,000"
Spencer, Indiana,B19101_003,111,"$10,000 to $14,999"
Spencer, Indiana,B19101_004,126,"$15,000 to $19,999"
Spencer, Indiana,B19101_005,194,"$20,000 to $24,999"
Spencer, Indiana,B19101_006,217,"$25,000 to $29,999"
Spencer, Indiana,B19101_007,296,"$30,000 to $34,999"
Spencer, Indiana,B19101_008,214,"$35,000 to $39,999"
Spencer, Indiana,B19101_009,234,"$40,000 to $44,999"
Spencer, Indiana,B19101_010,310,"$45,000 to $49,999"
Spencer, Indiana,B19101_011,556,"$50,000 to $59,999"
Spencer, Indiana,B19101_012,785,"$60,000 to $74,999"
Spencer, Indiana,B19101_013,1136,"$75,000 to $99,999"
Spencer, Indiana,B19101_014,576,"$100,000 to $124,999"
Spencer, Indiana,B19101_015,523,"$125,000 to $149,999"
Spencer, Indiana,B19101_016,253,"$150,000 to $199,999"
Spencer, Indiana,B19101_017,173,"$200,000 or more"
Starke, Indiana,B19101_002,255,"Less than $10,000"
Starke, Indiana,B19101_003,111,"$10,000 to $14,999"
Starke, Indiana,B19101_004,171,"$15,000 to $19,999"
Starke, Indiana,B19101_005,191,"$20,000 to $24,999"
Starke, Indiana,B19101_006,264,"$25,000 to $29,999"
Starke, Indiana,B19101_007,476,"$30,000 to $34,999"
Starke, Indiana,B19101_008,429,"$35,000 to $39,999"
Starke, Indiana,B19101_009,227,"$40,000 to $44,999"
Starke, Indiana,B19101_010,400,"$45,000 to $49,999"
Starke, Indiana,B19101_011,720,"$50,000 to $59,999"
Starke, Indiana,B19101_012,904,"$60,000 to $74,999"
Starke, Indiana,B19101_013,965,"$75,000 to $99,999"
Starke, Indiana,B19101_014,422,"$100,000 to $124,999"
Starke, Indiana,B19101_015,349,"$125,000 to $149,999"
Starke, Indiana,B19101_016,134,"$150,000 to $199,999"
Starke, Indiana,B19101_017,71,"$200,000 or more"
Steuben, Indiana,B19101_002,274,"Less than $10,000"
Steuben, Indiana,B19101_003,108,"$10,000 to $14,999"
Steuben, Indiana,B19101_004,178,"$15,000 to $19,999"
Steuben, Indiana,B19101_005,419,"$20,000 to $24,999"
Steuben, Indiana,B19101_006,320,"$25,000 to $29,999"
Steuben, Indiana,B19101_007,521,"$30,000 to $34,999"
Steuben, Indiana,B19101_008,533,"$35,000 to $39,999"
Steuben, Indiana,B19101_009,385,"$40,000 to $44,999"
Steuben, Indiana,B19101_010,456,"$45,000 to $49,999"
Steuben, Indiana,B19101_011,912,"$50,000 to $59,999"
Steuben, Indiana,B19101_012,1304,"$60,000 to $74,999"
Steuben, Indiana,B19101_013,1786,"$75,000 to $99,999"
Steuben, Indiana,B19101_014,939,"$100,000 to $124,999"
Steuben, Indiana,B19101_015,610,"$125,000 to $149,999"
Steuben, Indiana,B19101_016,456,"$150,000 to $199,999"
Steuben, Indiana,B19101_017,311,"$200,000 or more"
Sullivan, Indiana,B19101_002,251,"Less than $10,000"
Sullivan, Indiana,B19101_003,129,"$10,000 to $14,999"
Sullivan, Indiana,B19101_004,166,"$15,000 to $19,999"
Sullivan, Indiana,B19101_005,286,"$20,000 to $24,999"
Sullivan, Indiana,B19101_006,350,"$25,000 to $29,999"
Sullivan, Indiana,B19101_007,222,"$30,000 to $34,999"
Sullivan, Indiana,B19101_008,186,"$35,000 to $39,999"
Sullivan, Indiana,B19101_009,296,"$40,000 to $44,999"
Sullivan, Indiana,B19101_010,310,"$45,000 to $49,999"
Sullivan, Indiana,B19101_011,436,"$50,000 to $59,999"
Sullivan, Indiana,B19101_012,664,"$60,000 to $74,999"
Sullivan, Indiana,B19101_013,761,"$75,000 to $99,999"
Sullivan, Indiana,B19101_014,590,"$100,000 to $124,999"
Sullivan, Indiana,B19101_015,265,"$125,000 to $149,999"
Sullivan, Indiana,B19101_016,256,"$150,000 to $199,999"
Sullivan, Indiana,B19101_017,69,"$200,000 or more"
Switzerland, Indiana,B19101_002,134,"Less than $10,000"
Switzerland, Indiana,B19101_003,171,"$10,000 to $14,999"
Switzerland, Indiana,B19101_004,89,"$15,000 to $19,999"
Switzerland, Indiana,B19101_005,211,"$20,000 to $24,999"
Switzerland, Indiana,B19101_006,64,"$25,000 to $29,999"
Switzerland, Indiana,B19101_007,195,"$30,000 to $34,999"
Switzerland, Indiana,B19101_008,158,"$35,000 to $39,999"
Switzerland, Indiana,B19101_009,128,"$40,000 to $44,999"
Switzerland, Indiana,B19101_010,204,"$45,000 to $49,999"
Switzerland, Indiana,B19101_011,278,"$50,000 to $59,999"
Switzerland, Indiana,B19101_012,491,"$60,000 to $74,999"
Switzerland, Indiana,B19101_013,338,"$75,000 to $99,999"
Switzerland, Indiana,B19101_014,278,"$100,000 to $124,999"
Switzerland, Indiana,B19101_015,131,"$125,000 to $149,999"
Switzerland, Indiana,B19101_016,29,"$150,000 to $199,999"
Switzerland, Indiana,B19101_017,63,"$200,000 or more"
Tippecanoe, Indiana,B19101_002,1433,"Less than $10,000"
Tippecanoe, Indiana,B19101_003,914,"$10,000 to $14,999"
Tippecanoe, Indiana,B19101_004,1159,"$15,000 to $19,999"
Tippecanoe, Indiana,B19101_005,1278,"$20,000 to $24,999"
Tippecanoe, Indiana,B19101_006,1388,"$25,000 to $29,999"
Tippecanoe, Indiana,B19101_007,1552,"$30,000 to $34,999"
Tippecanoe, Indiana,B19101_008,1568,"$35,000 to $39,999"
Tippecanoe, Indiana,B19101_009,1507,"$40,000 to $44,999"
Tippecanoe, Indiana,B19101_010,1770,"$45,000 to $49,999"
Tippecanoe, Indiana,B19101_011,3225,"$50,000 to $59,999"
Tippecanoe, Indiana,B19101_012,4794,"$60,000 to $74,999"
Tippecanoe, Indiana,B19101_013,5704,"$75,000 to $99,999"
Tippecanoe, Indiana,B19101_014,4470,"$100,000 to $124,999"
Tippecanoe, Indiana,B19101_015,3096,"$125,000 to $149,999"
Tippecanoe, Indiana,B19101_016,2599,"$150,000 to $199,999"
Tippecanoe, Indiana,B19101_017,2244,"$200,000 or more"
Tipton, Indiana,B19101_002,61,"Less than $10,000"
Tipton, Indiana,B19101_003,71,"$10,000 to $14,999"
Tipton, Indiana,B19101_004,128,"$15,000 to $19,999"
Tipton, Indiana,B19101_005,90,"$20,000 to $24,999"
Tipton, Indiana,B19101_006,204,"$25,000 to $29,999"
Tipton, Indiana,B19101_007,201,"$30,000 to $34,999"
Tipton, Indiana,B19101_008,191,"$35,000 to $39,999"
Tipton, Indiana,B19101_009,164,"$40,000 to $44,999"
Tipton, Indiana,B19101_010,264,"$45,000 to $49,999"
Tipton, Indiana,B19101_011,412,"$50,000 to $59,999"
Tipton, Indiana,B19101_012,431,"$60,000 to $74,999"
Tipton, Indiana,B19101_013,828,"$75,000 to $99,999"
Tipton, Indiana,B19101_014,518,"$100,000 to $124,999"
Tipton, Indiana,B19101_015,255,"$125,000 to $149,999"
Tipton, Indiana,B19101_016,258,"$150,000 to $199,999"
Tipton, Indiana,B19101_017,163,"$200,000 or more"
Union, Indiana,B19101_002,27,"Less than $10,000"
Union, Indiana,B19101_003,23,"$10,000 to $14,999"
Union, Indiana,B19101_004,33,"$15,000 to $19,999"
Union, Indiana,B19101_005,74,"$20,000 to $24,999"
Union, Indiana,B19101_006,84,"$25,000 to $29,999"
Union, Indiana,B19101_007,127,"$30,000 to $34,999"
Union, Indiana,B19101_008,130,"$35,000 to $39,999"
Union, Indiana,B19101_009,105,"$40,000 to $44,999"
Union, Indiana,B19101_010,125,"$45,000 to $49,999"
Union, Indiana,B19101_011,258,"$50,000 to $59,999"
Union, Indiana,B19101_012,236,"$60,000 to $74,999"
Union, Indiana,B19101_013,290,"$75,000 to $99,999"
Union, Indiana,B19101_014,158,"$100,000 to $124,999"
Union, Indiana,B19101_015,71,"$125,000 to $149,999"
Union, Indiana,B19101_016,56,"$150,000 to $199,999"
Union, Indiana,B19101_017,25,"$200,000 or more"
Vanderburgh, Indiana,B19101_002,2031,"Less than $10,000"
Vanderburgh, Indiana,B19101_003,1566,"$10,000 to $14,999"
Vanderburgh, Indiana,B19101_004,1785,"$15,000 to $19,999"
Vanderburgh, Indiana,B19101_005,1830,"$20,000 to $24,999"
Vanderburgh, Indiana,B19101_006,1981,"$25,000 to $29,999"
Vanderburgh, Indiana,B19101_007,2231,"$30,000 to $34,999"
Vanderburgh, Indiana,B19101_008,2065,"$35,000 to $39,999"
Vanderburgh, Indiana,B19101_009,1889,"$40,000 to $44,999"
Vanderburgh, Indiana,B19101_010,1703,"$45,000 to $49,999"
Vanderburgh, Indiana,B19101_011,3568,"$50,000 to $59,999"
Vanderburgh, Indiana,B19101_012,4931,"$60,000 to $74,999"
Vanderburgh, Indiana,B19101_013,7145,"$75,000 to $99,999"
Vanderburgh, Indiana,B19101_014,4181,"$100,000 to $124,999"
Vanderburgh, Indiana,B19101_015,2750,"$125,000 to $149,999"
Vanderburgh, Indiana,B19101_016,2660,"$150,000 to $199,999"
Vanderburgh, Indiana,B19101_017,1947,"$200,000 or more"
Vermillion, Indiana,B19101_002,229,"Less than $10,000"
Vermillion, Indiana,B19101_003,122,"$10,000 to $14,999"
Vermillion, Indiana,B19101_004,96,"$15,000 to $19,999"
Vermillion, Indiana,B19101_005,161,"$20,000 to $24,999"
Vermillion, Indiana,B19101_006,150,"$25,000 to $29,999"
Vermillion, Indiana,B19101_007,243,"$30,000 to $34,999"
Vermillion, Indiana,B19101_008,214,"$35,000 to $39,999"
Vermillion, Indiana,B19101_009,286,"$40,000 to $44,999"
Vermillion, Indiana,B19101_010,250,"$45,000 to $49,999"
Vermillion, Indiana,B19101_011,542,"$50,000 to $59,999"
Vermillion, Indiana,B19101_012,518,"$60,000 to $74,999"
Vermillion, Indiana,B19101_013,625,"$75,000 to $99,999"
Vermillion, Indiana,B19101_014,391,"$100,000 to $124,999"
Vermillion, Indiana,B19101_015,224,"$125,000 to $149,999"
Vermillion, Indiana,B19101_016,159,"$150,000 to $199,999"
Vermillion, Indiana,B19101_017,89,"$200,000 or more"
Vigo, Indiana,B19101_002,1324,"Less than $10,000"
Vigo, Indiana,B19101_003,944,"$10,000 to $14,999"
Vigo, Indiana,B19101_004,1052,"$15,000 to $19,999"
Vigo, Indiana,B19101_005,1209,"$20,000 to $24,999"
Vigo, Indiana,B19101_006,1348,"$25,000 to $29,999"
Vigo, Indiana,B19101_007,1377,"$30,000 to $34,999"
Vigo, Indiana,B19101_008,1018,"$35,000 to $39,999"
Vigo, Indiana,B19101_009,1409,"$40,000 to $44,999"
Vigo, Indiana,B19101_010,1211,"$45,000 to $49,999"
Vigo, Indiana,B19101_011,1995,"$50,000 to $59,999"
Vigo, Indiana,B19101_012,3097,"$60,000 to $74,999"
Vigo, Indiana,B19101_013,3398,"$75,000 to $99,999"
Vigo, Indiana,B19101_014,2090,"$100,000 to $124,999"
Vigo, Indiana,B19101_015,1481,"$125,000 to $149,999"
Vigo, Indiana,B19101_016,1059,"$150,000 to $199,999"
Vigo, Indiana,B19101_017,928,"$200,000 or more"
Wabash, Indiana,B19101_002,393,"Less than $10,000"
Wabash, Indiana,B19101_003,194,"$10,000 to $14,999"
Wabash, Indiana,B19101_004,218,"$15,000 to $19,999"
Wabash, Indiana,B19101_005,304,"$20,000 to $24,999"
Wabash, Indiana,B19101_006,290,"$25,000 to $29,999"
Wabash, Indiana,B19101_007,443,"$30,000 to $34,999"
Wabash, Indiana,B19101_008,429,"$35,000 to $39,999"
Wabash, Indiana,B19101_009,454,"$40,000 to $44,999"
Wabash, Indiana,B19101_010,523,"$45,000 to $49,999"
Wabash, Indiana,B19101_011,903,"$50,000 to $59,999"
Wabash, Indiana,B19101_012,1227,"$60,000 to $74,999"
Wabash, Indiana,B19101_013,1708,"$75,000 to $99,999"
Wabash, Indiana,B19101_014,639,"$100,000 to $124,999"
Wabash, Indiana,B19101_015,431,"$125,000 to $149,999"
Wabash, Indiana,B19101_016,182,"$150,000 to $199,999"
Wabash, Indiana,B19101_017,169,"$200,000 or more"
Warren, Indiana,B19101_002,60,"Less than $10,000"
Warren, Indiana,B19101_003,52,"$10,000 to $14,999"
Warren, Indiana,B19101_004,27,"$15,000 to $19,999"
Warren, Indiana,B19101_005,82,"$20,000 to $24,999"
Warren, Indiana,B19101_006,92,"$25,000 to $29,999"
Warren, Indiana,B19101_007,138,"$30,000 to $34,999"
Warren, Indiana,B19101_008,140,"$35,000 to $39,999"
Warren, Indiana,B19101_009,115,"$40,000 to $44,999"
Warren, Indiana,B19101_010,102,"$45,000 to $49,999"
Warren, Indiana,B19101_011,275,"$50,000 to $59,999"
Warren, Indiana,B19101_012,260,"$60,000 to $74,999"
Warren, Indiana,B19101_013,449,"$75,000 to $99,999"
Warren, Indiana,B19101_014,396,"$100,000 to $124,999"
Warren, Indiana,B19101_015,152,"$125,000 to $149,999"
Warren, Indiana,B19101_016,142,"$150,000 to $199,999"
Warren, Indiana,B19101_017,25,"$200,000 or more"
Warrick, Indiana,B19101_002,425,"Less than $10,000"
Warrick, Indiana,B19101_003,236,"$10,000 to $14,999"
Warrick, Indiana,B19101_004,291,"$15,000 to $19,999"
Warrick, Indiana,B19101_005,453,"$20,000 to $24,999"
Warrick, Indiana,B19101_006,444,"$25,000 to $29,999"
Warrick, Indiana,B19101_007,374,"$30,000 to $34,999"
Warrick, Indiana,B19101_008,764,"$35,000 to $39,999"
Warrick, Indiana,B19101_009,632,"$40,000 to $44,999"
Warrick, Indiana,B19101_010,530,"$45,000 to $49,999"
Warrick, Indiana,B19101_011,1338,"$50,000 to $59,999"
Warrick, Indiana,B19101_012,1995,"$60,000 to $74,999"
Warrick, Indiana,B19101_013,3288,"$75,000 to $99,999"
Warrick, Indiana,B19101_014,2255,"$100,000 to $124,999"
Warrick, Indiana,B19101_015,1684,"$125,000 to $149,999"
Warrick, Indiana,B19101_016,1337,"$150,000 to $199,999"
Warrick, Indiana,B19101_017,1608,"$200,000 or more"
Washington, Indiana,B19101_002,401,"Less than $10,000"
Washington, Indiana,B19101_003,191,"$10,000 to $14,999"
Washington, Indiana,B19101_004,254,"$15,000 to $19,999"
Washington, Indiana,B19101_005,241,"$20,000 to $24,999"
Washington, Indiana,B19101_006,543,"$25,000 to $29,999"
Washington, Indiana,B19101_007,424,"$30,000 to $34,999"
Washington, Indiana,B19101_008,439,"$35,000 to $39,999"
Washington, Indiana,B19101_009,445,"$40,000 to $44,999"
Washington, Indiana,B19101_010,437,"$45,000 to $49,999"
Washington, Indiana,B19101_011,609,"$50,000 to $59,999"
Washington, Indiana,B19101_012,1245,"$60,000 to $74,999"
Washington, Indiana,B19101_013,1280,"$75,000 to $99,999"
Washington, Indiana,B19101_014,604,"$100,000 to $124,999"
Washington, Indiana,B19101_015,224,"$125,000 to $149,999"
Washington, Indiana,B19101_016,175,"$150,000 to $199,999"
Washington, Indiana,B19101_017,275,"$200,000 or more"
Wayne, Indiana,B19101_002,846,"Less than $10,000"
Wayne, Indiana,B19101_003,557,"$10,000 to $14,999"
Wayne, Indiana,B19101_004,677,"$15,000 to $19,999"
Wayne, Indiana,B19101_005,606,"$20,000 to $24,999"
Wayne, Indiana,B19101_006,1085,"$25,000 to $29,999"
Wayne, Indiana,B19101_007,1196,"$30,000 to $34,999"
Wayne, Indiana,B19101_008,827,"$35,000 to $39,999"
Wayne, Indiana,B19101_009,826,"$40,000 to $44,999"
Wayne, Indiana,B19101_010,856,"$45,000 to $49,999"
Wayne, Indiana,B19101_011,1761,"$50,000 to $59,999"
Wayne, Indiana,B19101_012,2029,"$60,000 to $74,999"
Wayne, Indiana,B19101_013,2553,"$75,000 to $99,999"
Wayne, Indiana,B19101_014,1732,"$100,000 to $124,999"
Wayne, Indiana,B19101_015,733,"$125,000 to $149,999"
Wayne, Indiana,B19101_016,347,"$150,000 to $199,999"
Wayne, Indiana,B19101_017,744,"$200,000 or more"
Wells, Indiana,B19101_002,77,"Less than $10,000"
Wells, Indiana,B19101_003,139,"$10,000 to $14,999"
Wells, Indiana,B19101_004,169,"$15,000 to $19,999"
Wells, Indiana,B19101_005,260,"$20,000 to $24,999"
Wells, Indiana,B19101_006,266,"$25,000 to $29,999"
Wells, Indiana,B19101_007,264,"$30,000 to $34,999"
Wells, Indiana,B19101_008,361,"$35,000 to $39,999"
Wells, Indiana,B19101_009,468,"$40,000 to $44,999"
Wells, Indiana,B19101_010,400,"$45,000 to $49,999"
Wells, Indiana,B19101_011,700,"$50,000 to $59,999"
Wells, Indiana,B19101_012,996,"$60,000 to $74,999"
Wells, Indiana,B19101_013,1497,"$75,000 to $99,999"
Wells, Indiana,B19101_014,1041,"$100,000 to $124,999"
Wells, Indiana,B19101_015,364,"$125,000 to $149,999"
Wells, Indiana,B19101_016,336,"$150,000 to $199,999"
Wells, Indiana,B19101_017,276,"$200,000 or more"
White, Indiana,B19101_002,128,"Less than $10,000"
White, Indiana,B19101_003,107,"$10,000 to $14,999"
White, Indiana,B19101_004,133,"$15,000 to $19,999"
White, Indiana,B19101_005,308,"$20,000 to $24,999"
White, Indiana,B19101_006,250,"$25,000 to $29,999"
White, Indiana,B19101_007,216,"$30,000 to $34,999"
White, Indiana,B19101_008,314,"$35,000 to $39,999"
White, Indiana,B19101_009,551,"$40,000 to $44,999"
White, Indiana,B19101_010,435,"$45,000 to $49,999"
White, Indiana,B19101_011,615,"$50,000 to $59,999"
White, Indiana,B19101_012,1053,"$60,000 to $74,999"
White, Indiana,B19101_013,1250,"$75,000 to $99,999"
White, Indiana,B19101_014,628,"$100,000 to $124,999"
White, Indiana,B19101_015,329,"$125,000 to $149,999"
White, Indiana,B19101_016,322,"$150,000 to $199,999"
White, Indiana,B19101_017,197,"$200,000 or more"
Whitley, Indiana,B19101_002,217,"Less than $10,000"
Whitley, Indiana,B19101_003,260,"$10,000 to $14,999"
Whitley, Indiana,B19101_004,174,"$15,000 to $19,999"
Whitley, Indiana,B19101_005,273,"$20,000 to $24,999"
Whitley, Indiana,B19101_006,265,"$25,000 to $29,999"
Whitley, Indiana,B19101_007,287,"$30,000 to $34,999"
Whitley, Indiana,B19101_008,494,"$35,000 to $39,999"
Whitley, Indiana,B19101_009,416,"$40,000 to $44,999"
Whitley, Indiana,B19101_010,531,"$45,000 to $49,999"
Whitley, Indiana,B19101_011,669,"$50,000 to $59,999"
Whitley, Indiana,B19101_012,1363,"$60,000 to $74,999"
Whitley, Indiana,B19101_013,2127,"$75,000 to $99,999"
Whitley, Indiana,B19101_014,1119,"$100,000 to $124,999"
Whitley, Indiana,B19101_015,641,"$125,000 to $149,999"
Whitley, Indiana,B19101_016,479,"$150,000 to $199,999"
Whitley, Indiana,B19101_017,360,"$200,000 or more"
