county_name,state,date,cases,deaths,population,case_rate,death_rate
Statewide Unallocated,IL,1/22/20,0,0,0,NaN,NaN
Statewide Unallocated,IL,1/23/20,0,0,0,NaN,NaN
Statewide Unallocated,IL,1/24/20,0,0,0,NaN,NaN
Statewide Unallocated,IL,1/25/20,0,0,0,NaN,NaN
Statewide Unallocated,IL,1/26/20,0,0,0,NaN,NaN
Statewide Unallocated,IL,1/27/20,0,0,0,NaN,NaN
Statewide Unallocated,IL,1/28/20,0,0,0,NaN,NaN
Statewide Unallocated,IL,1/29/20,0,0,0,NaN,NaN
Statewide Unallocated,IL,1/30/20,0,0,0,NaN,NaN
Statewide Unallocated,IL,1/31/20,0,0,0,NaN,NaN
Statewide Unallocated,IL,2/1/20,0,0,0,NaN,NaN
Statewide Unallocated,IL,2/10/20,0,0,0,NaN,NaN
Statewide Unallocated,IL,2/11/20,0,0,0,NaN,NaN
Statewide Unallocated,IL,2/12/20,0,0,0,NaN,NaN
Statewide Unallocated,IL,2/13/20,0,0,0,NaN,NaN
Statewide Unallocated,IL,2/14/20,0,0,0,NaN,NaN
Statewide Unallocated,IL,2/15/20,0,0,0,NaN,NaN
Statewide Unallocated,IL,2/16/20,0,0,0,NaN,NaN
Statewide Unallocated,IL,2/17/20,0,0,0,NaN,NaN
Statewide Unallocated,IL,2/18/20,0,0,0,NaN,NaN
Statewide Unallocated,IL,2/19/20,0,0,0,NaN,NaN
Statewide Unallocated,IL,2/2/20,0,0,0,NaN,NaN
Statewide Unallocated,IL,2/20/20,0,0,0,NaN,NaN
Statewide Unallocated,IL,2/21/20,0,0,0,NaN,NaN
Statewide Unallocated,IL,2/22/20,0,0,0,NaN,NaN
Statewide Unallocated,IL,2/23/20,0,0,0,NaN,NaN
Statewide Unallocated,IL,2/24/20,0,0,0,NaN,NaN
Statewide Unallocated,IL,2/25/20,0,0,0,NaN,NaN
Statewide Unallocated,IL,2/26/20,0,0,0,NaN,NaN
Statewide Unallocated,IL,2/27/20,0,0,0,NaN,NaN
Statewide Unallocated,IL,2/28/20,0,0,0,NaN,NaN
Statewide Unallocated,IL,2/29/20,0,0,0,NaN,NaN
Statewide Unallocated,IL,2/3/20,0,0,0,NaN,NaN
Statewide Unallocated,IL,2/4/20,0,0,0,NaN,NaN
Statewide Unallocated,IL,2/5/20,0,0,0,NaN,NaN
Statewide Unallocated,IL,2/6/20,0,0,0,NaN,NaN
Statewide Unallocated,IL,2/7/20,0,0,0,NaN,NaN
Statewide Unallocated,IL,2/8/20,0,0,0,NaN,NaN
Statewide Unallocated,IL,2/9/20,0,0,0,NaN,NaN
Statewide Unallocated,IL,3/1/20,0,0,0,NaN,NaN
Statewide Unallocated,IL,3/10/20,0,0,0,NaN,NaN
Statewide Unallocated,IL,3/11/20,0,0,0,NaN,NaN
Statewide Unallocated,IL,3/12/20,0,0,0,NaN,NaN
Statewide Unallocated,IL,3/13/20,0,0,0,NaN,NaN
Statewide Unallocated,IL,3/14/20,0,0,0,NaN,NaN
Statewide Unallocated,IL,3/15/20,24,0,0,Inf,NaN
Statewide Unallocated,IL,3/16/20,0,0,0,NaN,NaN
Statewide Unallocated,IL,3/17/20,0,0,0,NaN,NaN
Statewide Unallocated,IL,3/18/20,16,0,0,Inf,NaN
Statewide Unallocated,IL,3/19/20,7,0,0,Inf,NaN
Statewide Unallocated,IL,3/2/20,0,0,0,NaN,NaN
Statewide Unallocated,IL,3/20/20,5,0,0,Inf,NaN
Statewide Unallocated,IL,3/21/20,6,0,0,Inf,NaN
Statewide Unallocated,IL,3/22/20,3,0,0,Inf,NaN
Statewide Unallocated,IL,3/23/20,67,0,0,Inf,NaN
Statewide Unallocated,IL,3/24/20,0,0,0,NaN,NaN
Statewide Unallocated,IL,3/25/20,0,0,0,NaN,NaN
Statewide Unallocated,IL,3/26/20,2,0,0,Inf,NaN
Statewide Unallocated,IL,3/27/20,0,0,0,NaN,NaN
Statewide Unallocated,IL,3/28/20,5,0,0,Inf,NaN
Statewide Unallocated,IL,3/29/20,17,0,0,Inf,NaN
Statewide Unallocated,IL,3/3/20,0,0,0,NaN,NaN
Statewide Unallocated,IL,3/30/20,9,0,0,Inf,NaN
Statewide Unallocated,IL,3/31/20,17,0,0,Inf,NaN
Statewide Unallocated,IL,3/4/20,0,0,0,NaN,NaN
Statewide Unallocated,IL,3/5/20,0,0,0,NaN,NaN
Statewide Unallocated,IL,3/6/20,0,0,0,NaN,NaN
Statewide Unallocated,IL,3/7/20,0,0,0,NaN,NaN
Statewide Unallocated,IL,3/8/20,0,0,0,NaN,NaN
Statewide Unallocated,IL,3/9/20,0,0,0,NaN,NaN
Statewide Unallocated,IL,4/1/20,17,0,0,Inf,NaN
Statewide Unallocated,IL,4/10/20,81,1,0,Inf,Inf
Statewide Unallocated,IL,4/11/20,85,1,0,Inf,Inf
Statewide Unallocated,IL,4/12/20,97,1,0,Inf,Inf
Statewide Unallocated,IL,4/13/20,65,1,0,Inf,Inf
Statewide Unallocated,IL,4/14/20,54,1,0,Inf,Inf
Statewide Unallocated,IL,4/15/20,45,1,0,Inf,Inf
Statewide Unallocated,IL,4/16/20,55,1,0,Inf,Inf
Statewide Unallocated,IL,4/17/20,74,1,0,Inf,Inf
Statewide Unallocated,IL,4/18/20,84,3,0,Inf,Inf
Statewide Unallocated,IL,4/19/20,115,3,0,Inf,Inf
Statewide Unallocated,IL,4/2/20,20,1,0,Inf,Inf
Statewide Unallocated,IL,4/20/20,130,2,0,Inf,Inf
Statewide Unallocated,IL,4/21/20,192,2,0,Inf,Inf
Statewide Unallocated,IL,4/22/20,228,1,0,Inf,Inf
Statewide Unallocated,IL,4/23/20,193,0,0,Inf,NaN
Statewide Unallocated,IL,4/24/20,214,1,0,Inf,Inf
Statewide Unallocated,IL,4/25/20,273,1,0,Inf,Inf
Statewide Unallocated,IL,4/26/20,307,0,0,Inf,NaN
Statewide Unallocated,IL,4/27/20,338,0,0,Inf,NaN
Statewide Unallocated,IL,4/28/20,335,0,0,Inf,NaN
Statewide Unallocated,IL,4/29/20,354,0,0,Inf,NaN
Statewide Unallocated,IL,4/3/20,20,1,0,Inf,Inf
Statewide Unallocated,IL,4/30/20,378,1,0,Inf,Inf
Statewide Unallocated,IL,4/4/20,61,1,0,Inf,Inf
Statewide Unallocated,IL,4/5/20,62,1,0,Inf,Inf
Statewide Unallocated,IL,4/6/20,72,1,0,Inf,Inf
Statewide Unallocated,IL,4/7/20,65,1,0,Inf,Inf
Statewide Unallocated,IL,4/8/20,74,1,0,Inf,Inf
Statewide Unallocated,IL,4/9/20,68,1,0,Inf,Inf
Statewide Unallocated,IL,5/1/20,363,2,0,Inf,Inf
Statewide Unallocated,IL,5/10/20,163,2,0,Inf,Inf
Statewide Unallocated,IL,5/11/20,150,2,0,Inf,Inf
Statewide Unallocated,IL,5/12/20,147,2,0,Inf,Inf
Statewide Unallocated,IL,5/13/20,128,2,0,Inf,Inf
Statewide Unallocated,IL,5/14/20,151,3,0,Inf,Inf
Statewide Unallocated,IL,5/15/20,136,2,0,Inf,Inf
Statewide Unallocated,IL,5/16/20,132,1,0,Inf,Inf
Statewide Unallocated,IL,5/17/20,151,1,0,Inf,Inf
Statewide Unallocated,IL,5/18/20,161,1,0,Inf,Inf
Statewide Unallocated,IL,5/19/20,157,1,0,Inf,Inf
Statewide Unallocated,IL,5/2/20,278,1,0,Inf,Inf
Statewide Unallocated,IL,5/20/20,162,1,0,Inf,Inf
Statewide Unallocated,IL,5/21/20,174,1,0,Inf,Inf
Statewide Unallocated,IL,5/22/20,218,1,0,Inf,Inf
Statewide Unallocated,IL,5/23/20,225,1,0,Inf,Inf
Statewide Unallocated,IL,5/24/20,254,1,0,Inf,Inf
Statewide Unallocated,IL,5/25/20,274,1,0,Inf,Inf
Statewide Unallocated,IL,5/26/20,297,1,0,Inf,Inf
Statewide Unallocated,IL,5/27/20,315,1,0,Inf,Inf
Statewide Unallocated,IL,5/28/20,332,1,0,Inf,Inf
Statewide Unallocated,IL,5/29/20,244,1,0,Inf,Inf
Statewide Unallocated,IL,5/3/20,257,0,0,Inf,NaN
Statewide Unallocated,IL,5/30/20,198,1,0,Inf,Inf
Statewide Unallocated,IL,5/31/20,203,1,0,Inf,Inf
Statewide Unallocated,IL,5/4/20,277,3,0,Inf,Inf
Statewide Unallocated,IL,5/5/20,309,4,0,Inf,Inf
Statewide Unallocated,IL,5/6/20,173,4,0,Inf,Inf
Statewide Unallocated,IL,5/7/20,171,3,0,Inf,Inf
Statewide Unallocated,IL,5/8/20,120,2,0,Inf,Inf
Statewide Unallocated,IL,5/9/20,150,3,0,Inf,Inf
Statewide Unallocated,IL,6/1/20,211,1,0,Inf,Inf
Statewide Unallocated,IL,6/10/20,168,1,0,Inf,Inf
Statewide Unallocated,IL,6/11/20,166,1,0,Inf,Inf
Statewide Unallocated,IL,6/12/20,154,1,0,Inf,Inf
Statewide Unallocated,IL,6/13/20,164,1,0,Inf,Inf
Statewide Unallocated,IL,6/14/20,168,1,0,Inf,Inf
Statewide Unallocated,IL,6/15/20,159,1,0,Inf,Inf
Statewide Unallocated,IL,6/16/20,160,1,0,Inf,Inf
Statewide Unallocated,IL,6/17/20,102,0,0,Inf,NaN
Statewide Unallocated,IL,6/18/20,50,0,0,Inf,NaN
Statewide Unallocated,IL,6/19/20,53,0,0,Inf,NaN
Statewide Unallocated,IL,6/2/20,262,1,0,Inf,Inf
Statewide Unallocated,IL,6/20/20,55,0,0,Inf,NaN
Statewide Unallocated,IL,6/21/20,59,0,0,Inf,NaN
Statewide Unallocated,IL,6/22/20,57,0,0,Inf,NaN
Statewide Unallocated,IL,6/23/20,51,0,0,Inf,NaN
Statewide Unallocated,IL,6/24/20,46,0,0,Inf,NaN
Statewide Unallocated,IL,6/25/20,39,0,0,Inf,NaN
Statewide Unallocated,IL,6/26/20,30,0,0,Inf,NaN
Statewide Unallocated,IL,6/27/20,29,0,0,Inf,NaN
Statewide Unallocated,IL,6/28/20,29,0,0,Inf,NaN
Statewide Unallocated,IL,6/29/20,44,0,0,Inf,NaN
Statewide Unallocated,IL,6/3/20,225,1,0,Inf,Inf
Statewide Unallocated,IL,6/30/20,49,0,0,Inf,NaN
Statewide Unallocated,IL,6/4/20,203,1,0,Inf,Inf
Statewide Unallocated,IL,6/5/20,206,1,0,Inf,Inf
Statewide Unallocated,IL,6/6/20,192,1,0,Inf,Inf
Statewide Unallocated,IL,6/7/20,200,1,0,Inf,Inf
Statewide Unallocated,IL,6/8/20,181,1,0,Inf,Inf
Statewide Unallocated,IL,6/9/20,194,1,0,Inf,Inf
Statewide Unallocated,IL,7/1/20,51,0,0,Inf,NaN
Statewide Unallocated,IL,7/10/20,45,0,0,Inf,NaN
Statewide Unallocated,IL,7/11/20,48,0,0,Inf,NaN
Statewide Unallocated,IL,7/12/20,53,0,0,Inf,NaN
Statewide Unallocated,IL,7/13/20,55,0,0,Inf,NaN
Statewide Unallocated,IL,7/14/20,45,0,0,Inf,NaN
Statewide Unallocated,IL,7/15/20,41,0,0,Inf,NaN
Statewide Unallocated,IL,7/16/20,23,0,0,Inf,NaN
Statewide Unallocated,IL,7/17/20,32,0,0,Inf,NaN
Statewide Unallocated,IL,7/18/20,34,0,0,Inf,NaN
Statewide Unallocated,IL,7/19/20,33,0,0,Inf,NaN
Statewide Unallocated,IL,7/2/20,108,0,0,Inf,NaN
Statewide Unallocated,IL,7/20/20,41,0,0,Inf,NaN
Statewide Unallocated,IL,7/21/20,39,0,0,Inf,NaN
Statewide Unallocated,IL,7/22/20,41,0,0,Inf,NaN
Statewide Unallocated,IL,7/23/20,36,0,0,Inf,NaN
Statewide Unallocated,IL,7/24/20,42,0,0,Inf,NaN
Statewide Unallocated,IL,7/25/20,51,1,0,Inf,Inf
Statewide Unallocated,IL,7/26/20,57,0,0,Inf,NaN
Statewide Unallocated,IL,7/27/20,74,0,0,Inf,NaN
Statewide Unallocated,IL,7/28/20,55,0,0,Inf,NaN
Statewide Unallocated,IL,7/29/20,57,0,0,Inf,NaN
Statewide Unallocated,IL,7/3/20,46,0,0,Inf,NaN
Statewide Unallocated,IL,7/30/20,52,0,0,Inf,NaN
Statewide Unallocated,IL,7/31/20,56,0,0,Inf,NaN
Statewide Unallocated,IL,7/4/20,47,0,0,Inf,NaN
Statewide Unallocated,IL,7/5/20,54,0,0,Inf,NaN
Statewide Unallocated,IL,7/6/20,56,0,0,Inf,NaN
Statewide Unallocated,IL,7/7/20,55,0,0,Inf,NaN
Statewide Unallocated,IL,7/8/20,49,0,0,Inf,NaN
Statewide Unallocated,IL,7/9/20,49,1,0,Inf,Inf
Statewide Unallocated,IL,8/1/20,56,0,0,Inf,NaN
Statewide Unallocated,IL,8/2/20,56,0,0,Inf,NaN
Statewide Unallocated,IL,8/3/20,66,0,0,Inf,NaN
Statewide Unallocated,IL,8/4/20,70,0,0,Inf,NaN
Statewide Unallocated,IL,8/5/20,70,0,0,Inf,NaN
Statewide Unallocated,IL,8/6/20,61,0,0,Inf,NaN
Statewide Unallocated,IN,1/22/20,0,0,0,NaN,NaN
Statewide Unallocated,IN,1/23/20,0,0,0,NaN,NaN
Statewide Unallocated,IN,1/24/20,0,0,0,NaN,NaN
Statewide Unallocated,IN,1/25/20,0,0,0,NaN,NaN
Statewide Unallocated,IN,1/26/20,0,0,0,NaN,NaN
Statewide Unallocated,IN,1/27/20,0,0,0,NaN,NaN
Statewide Unallocated,IN,1/28/20,0,0,0,NaN,NaN
Statewide Unallocated,IN,1/29/20,0,0,0,NaN,NaN
Statewide Unallocated,IN,1/30/20,0,0,0,NaN,NaN
Statewide Unallocated,IN,1/31/20,0,0,0,NaN,NaN
Statewide Unallocated,IN,2/1/20,0,0,0,NaN,NaN
Statewide Unallocated,IN,2/10/20,0,0,0,NaN,NaN
Statewide Unallocated,IN,2/11/20,0,0,0,NaN,NaN
Statewide Unallocated,IN,2/12/20,0,0,0,NaN,NaN
Statewide Unallocated,IN,2/13/20,0,0,0,NaN,NaN
Statewide Unallocated,IN,2/14/20,0,0,0,NaN,NaN
Statewide Unallocated,IN,2/15/20,0,0,0,NaN,NaN
Statewide Unallocated,IN,2/16/20,0,0,0,NaN,NaN
Statewide Unallocated,IN,2/17/20,0,0,0,NaN,NaN
Statewide Unallocated,IN,2/18/20,0,0,0,NaN,NaN
Statewide Unallocated,IN,2/19/20,0,0,0,NaN,NaN
Statewide Unallocated,IN,2/2/20,0,0,0,NaN,NaN
Statewide Unallocated,IN,2/20/20,0,0,0,NaN,NaN
Statewide Unallocated,IN,2/21/20,0,0,0,NaN,NaN
Statewide Unallocated,IN,2/22/20,0,0,0,NaN,NaN
Statewide Unallocated,IN,2/23/20,0,0,0,NaN,NaN
Statewide Unallocated,IN,2/24/20,0,0,0,NaN,NaN
Statewide Unallocated,IN,2/25/20,0,0,0,NaN,NaN
Statewide Unallocated,IN,2/26/20,0,0,0,NaN,NaN
Statewide Unallocated,IN,2/27/20,0,0,0,NaN,NaN
Statewide Unallocated,IN,2/28/20,0,0,0,NaN,NaN
Statewide Unallocated,IN,2/29/20,0,0,0,NaN,NaN
Statewide Unallocated,IN,2/3/20,0,0,0,NaN,NaN
Statewide Unallocated,IN,2/4/20,0,0,0,NaN,NaN
Statewide Unallocated,IN,2/5/20,0,0,0,NaN,NaN
Statewide Unallocated,IN,2/6/20,0,0,0,NaN,NaN
Statewide Unallocated,IN,2/7/20,0,0,0,NaN,NaN
Statewide Unallocated,IN,2/8/20,0,0,0,NaN,NaN
Statewide Unallocated,IN,2/9/20,0,0,0,NaN,NaN
Statewide Unallocated,IN,3/1/20,0,0,0,NaN,NaN
Statewide Unallocated,IN,3/10/20,0,0,0,NaN,NaN
Statewide Unallocated,IN,3/11/20,0,0,0,NaN,NaN
Statewide Unallocated,IN,3/12/20,0,0,0,NaN,NaN
Statewide Unallocated,IN,3/13/20,0,0,0,NaN,NaN
Statewide Unallocated,IN,3/14/20,0,0,0,NaN,NaN
Statewide Unallocated,IN,3/15/20,0,0,0,NaN,NaN
Statewide Unallocated,IN,3/16/20,0,0,0,NaN,NaN
Statewide Unallocated,IN,3/17/20,0,0,0,NaN,NaN
Statewide Unallocated,IN,3/18/20,0,2,0,NaN,Inf
Statewide Unallocated,IN,3/19/20,0,3,0,NaN,Inf
Statewide Unallocated,IN,3/2/20,0,0,0,NaN,NaN
Statewide Unallocated,IN,3/20/20,0,2,0,NaN,Inf
Statewide Unallocated,IN,3/21/20,0,5,0,NaN,Inf
Statewide Unallocated,IN,3/22/20,0,8,0,NaN,Inf
Statewide Unallocated,IN,3/23/20,0,12,0,NaN,Inf
Statewide Unallocated,IN,3/24/20,0,15,0,NaN,Inf
Statewide Unallocated,IN,3/25/20,0,15,0,NaN,Inf
Statewide Unallocated,IN,3/26/20,0,20,0,NaN,Inf
Statewide Unallocated,IN,3/27/20,0,29,0,NaN,Inf
Statewide Unallocated,IN,3/28/20,0,17,0,NaN,Inf
Statewide Unallocated,IN,3/29/20,0,25,0,NaN,Inf
Statewide Unallocated,IN,3/3/20,0,0,0,NaN,NaN
Statewide Unallocated,IN,3/30/20,0,40,0,NaN,Inf
Statewide Unallocated,IN,3/31/20,0,41,0,NaN,Inf
Statewide Unallocated,IN,3/4/20,0,0,0,NaN,NaN
Statewide Unallocated,IN,3/5/20,0,0,0,NaN,NaN
Statewide Unallocated,IN,3/6/20,0,0,0,NaN,NaN
Statewide Unallocated,IN,3/7/20,0,0,0,NaN,NaN
Statewide Unallocated,IN,3/8/20,0,0,0,NaN,NaN
Statewide Unallocated,IN,3/9/20,0,0,0,NaN,NaN
Statewide Unallocated,IN,4/1/20,0,46,0,NaN,Inf
Statewide Unallocated,IN,4/10/20,0,68,0,NaN,Inf
Statewide Unallocated,IN,4/11/20,0,62,0,NaN,Inf
Statewide Unallocated,IN,4/12/20,0,69,0,NaN,Inf
Statewide Unallocated,IN,4/13/20,0,97,0,NaN,Inf
Statewide Unallocated,IN,4/14/20,0,86,0,NaN,Inf
Statewide Unallocated,IN,4/15/20,0,79,0,NaN,Inf
Statewide Unallocated,IN,4/16/20,0,75,0,NaN,Inf
Statewide Unallocated,IN,4/17/20,0,63,0,NaN,Inf
Statewide Unallocated,IN,4/18/20,0,71,0,NaN,Inf
Statewide Unallocated,IN,4/19/20,0,79,0,NaN,Inf
Statewide Unallocated,IN,4/2/20,0,55,0,NaN,Inf
Statewide Unallocated,IN,4/20/20,0,104,0,NaN,Inf
Statewide Unallocated,IN,4/21/20,0,78,0,NaN,Inf
Statewide Unallocated,IN,4/22/20,0,89,0,NaN,Inf
Statewide Unallocated,IN,4/23/20,0,128,0,NaN,Inf
Statewide Unallocated,IN,4/24/20,0,156,0,NaN,Inf
Statewide Unallocated,IN,4/25/20,0,182,0,NaN,Inf
Statewide Unallocated,IN,4/26/20,0,218,0,NaN,Inf
Statewide Unallocated,IN,4/27/20,0,249,0,NaN,Inf
Statewide Unallocated,IN,4/28/20,0,282,0,NaN,Inf
Statewide Unallocated,IN,4/29/20,0,0,0,NaN,NaN
Statewide Unallocated,IN,4/3/20,0,52,0,NaN,Inf
Statewide Unallocated,IN,4/30/20,0,0,0,NaN,NaN
Statewide Unallocated,IN,4/4/20,0,69,0,NaN,Inf
Statewide Unallocated,IN,4/5/20,0,83,0,NaN,Inf
Statewide Unallocated,IN,4/6/20,0,105,0,NaN,Inf
Statewide Unallocated,IN,4/7/20,0,96,0,NaN,Inf
Statewide Unallocated,IN,4/8/20,0,101,0,NaN,Inf
Statewide Unallocated,IN,4/9/20,0,87,0,NaN,Inf
Statewide Unallocated,IN,5/1/20,0,0,0,NaN,NaN
Statewide Unallocated,IN,5/10/20,0,0,0,NaN,NaN
Statewide Unallocated,IN,5/11/20,0,0,0,NaN,NaN
Statewide Unallocated,IN,5/12/20,0,0,0,NaN,NaN
Statewide Unallocated,IN,5/13/20,0,0,0,NaN,NaN
Statewide Unallocated,IN,5/14/20,0,0,0,NaN,NaN
Statewide Unallocated,IN,5/15/20,0,0,0,NaN,NaN
Statewide Unallocated,IN,5/16/20,0,0,0,NaN,NaN
Statewide Unallocated,IN,5/17/20,0,0,0,NaN,NaN
Statewide Unallocated,IN,5/18/20,0,0,0,NaN,NaN
Statewide Unallocated,IN,5/19/20,0,0,0,NaN,NaN
Statewide Unallocated,IN,5/2/20,0,0,0,NaN,NaN
Statewide Unallocated,IN,5/20/20,0,0,0,NaN,NaN
Statewide Unallocated,IN,5/21/20,0,0,0,NaN,NaN
Statewide Unallocated,IN,5/22/20,0,0,0,NaN,NaN
Statewide Unallocated,IN,5/23/20,0,0,0,NaN,NaN
Statewide Unallocated,IN,5/24/20,0,0,0,NaN,NaN
Statewide Unallocated,IN,5/25/20,0,0,0,NaN,NaN
Statewide Unallocated,IN,5/26/20,0,0,0,NaN,NaN
Statewide Unallocated,IN,5/27/20,0,0,0,NaN,NaN
Statewide Unallocated,IN,5/28/20,0,0,0,NaN,NaN
Statewide Unallocated,IN,5/29/20,0,0,0,NaN,NaN
Statewide Unallocated,IN,5/3/20,0,0,0,NaN,NaN
Statewide Unallocated,IN,5/30/20,0,0,0,NaN,NaN
Statewide Unallocated,IN,5/31/20,0,0,0,NaN,NaN
Statewide Unallocated,IN,5/4/20,0,0,0,NaN,NaN
Statewide Unallocated,IN,5/5/20,0,0,0,NaN,NaN
Statewide Unallocated,IN,5/6/20,0,0,0,NaN,NaN
Statewide Unallocated,IN,5/7/20,0,0,0,NaN,NaN
Statewide Unallocated,IN,5/8/20,0,0,0,NaN,NaN
Statewide Unallocated,IN,5/9/20,0,0,0,NaN,NaN
Statewide Unallocated,IN,6/1/20,0,0,0,NaN,NaN
Statewide Unallocated,IN,6/10/20,0,0,0,NaN,NaN
Statewide Unallocated,IN,6/11/20,0,0,0,NaN,NaN
Statewide Unallocated,IN,6/12/20,0,0,0,NaN,NaN
Statewide Unallocated,IN,6/13/20,0,0,0,NaN,NaN
Statewide Unallocated,IN,6/14/20,0,0,0,NaN,NaN
Statewide Unallocated,IN,6/15/20,0,0,0,NaN,NaN
Statewide Unallocated,IN,6/16/20,0,0,0,NaN,NaN
Statewide Unallocated,IN,6/17/20,0,0,0,NaN,NaN
Statewide Unallocated,IN,6/18/20,0,0,0,NaN,NaN
Statewide Unallocated,IN,6/19/20,0,0,0,NaN,NaN
Statewide Unallocated,IN,6/2/20,0,0,0,NaN,NaN
Statewide Unallocated,IN,6/20/20,0,0,0,NaN,NaN
Statewide Unallocated,IN,6/21/20,0,0,0,NaN,NaN
Statewide Unallocated,IN,6/22/20,0,0,0,NaN,NaN
Statewide Unallocated,IN,6/23/20,0,0,0,NaN,NaN
Statewide Unallocated,IN,6/24/20,0,0,0,NaN,NaN
Statewide Unallocated,IN,6/25/20,0,0,0,NaN,NaN
Statewide Unallocated,IN,6/26/20,0,0,0,NaN,NaN
Statewide Unallocated,IN,6/27/20,0,0,0,NaN,NaN
Statewide Unallocated,IN,6/28/20,0,0,0,NaN,NaN
Statewide Unallocated,IN,6/29/20,0,0,0,NaN,NaN
Statewide Unallocated,IN,6/3/20,0,0,0,NaN,NaN
Statewide Unallocated,IN,6/30/20,0,0,0,NaN,NaN
Statewide Unallocated,IN,6/4/20,0,0,0,NaN,NaN
Statewide Unallocated,IN,6/5/20,0,0,0,NaN,NaN
Statewide Unallocated,IN,6/6/20,0,0,0,NaN,NaN
Statewide Unallocated,IN,6/7/20,0,0,0,NaN,NaN
Statewide Unallocated,IN,6/8/20,0,0,0,NaN,NaN
Statewide Unallocated,IN,6/9/20,0,0,0,NaN,NaN
Statewide Unallocated,IN,7/1/20,0,0,0,NaN,NaN
Statewide Unallocated,IN,7/10/20,657,0,0,Inf,NaN
Statewide Unallocated,IN,7/11/20,0,0,0,NaN,NaN
Statewide Unallocated,IN,7/12/20,0,0,0,NaN,NaN
Statewide Unallocated,IN,7/13/20,0,0,0,NaN,NaN
Statewide Unallocated,IN,7/14/20,0,0,0,NaN,NaN
Statewide Unallocated,IN,7/15/20,0,0,0,NaN,NaN
Statewide Unallocated,IN,7/16/20,0,0,0,NaN,NaN
Statewide Unallocated,IN,7/17/20,0,0,0,NaN,NaN
Statewide Unallocated,IN,7/18/20,0,0,0,NaN,NaN
Statewide Unallocated,IN,7/19/20,0,0,0,NaN,NaN
Statewide Unallocated,IN,7/2/20,0,0,0,NaN,NaN
Statewide Unallocated,IN,7/20/20,0,0,0,NaN,NaN
Statewide Unallocated,IN,7/21/20,0,0,0,NaN,NaN
Statewide Unallocated,IN,7/22/20,0,0,0,NaN,NaN
Statewide Unallocated,IN,7/23/20,0,0,0,NaN,NaN
Statewide Unallocated,IN,7/24/20,0,0,0,NaN,NaN
Statewide Unallocated,IN,7/25/20,0,0,0,NaN,NaN
Statewide Unallocated,IN,7/26/20,0,0,0,NaN,NaN
Statewide Unallocated,IN,7/27/20,0,0,0,NaN,NaN
Statewide Unallocated,IN,7/28/20,0,0,0,NaN,NaN
Statewide Unallocated,IN,7/29/20,0,0,0,NaN,NaN
Statewide Unallocated,IN,7/3/20,0,0,0,NaN,NaN
Statewide Unallocated,IN,7/30/20,0,0,0,NaN,NaN
Statewide Unallocated,IN,7/31/20,0,0,0,NaN,NaN
Statewide Unallocated,IN,7/4/20,0,0,0,NaN,NaN
Statewide Unallocated,IN,7/5/20,196,0,0,Inf,NaN
Statewide Unallocated,IN,7/6/20,196,0,0,Inf,NaN
Statewide Unallocated,IN,7/7/20,196,0,0,Inf,NaN
Statewide Unallocated,IN,7/8/20,196,0,0,Inf,NaN
Statewide Unallocated,IN,7/9/20,312,0,0,Inf,NaN
Statewide Unallocated,IN,8/1/20,0,0,0,NaN,NaN
Statewide Unallocated,IN,8/2/20,0,0,0,NaN,NaN
Statewide Unallocated,IN,8/3/20,0,0,0,NaN,NaN
Statewide Unallocated,IN,8/4/20,0,0,0,NaN,NaN
Statewide Unallocated,IN,8/5/20,0,0,0,NaN,NaN
Statewide Unallocated,IN,8/6/20,0,0,0,NaN,NaN
Statewide Unallocated,KY,1/22/20,0,0,0,NaN,NaN
Statewide Unallocated,KY,1/23/20,0,0,0,NaN,NaN
Statewide Unallocated,KY,1/24/20,0,0,0,NaN,NaN
Statewide Unallocated,KY,1/25/20,0,0,0,NaN,NaN
Statewide Unallocated,KY,1/26/20,0,0,0,NaN,NaN
Statewide Unallocated,KY,1/27/20,0,0,0,NaN,NaN
Statewide Unallocated,KY,1/28/20,0,0,0,NaN,NaN
Statewide Unallocated,KY,1/29/20,0,0,0,NaN,NaN
Statewide Unallocated,KY,1/30/20,0,0,0,NaN,NaN
Statewide Unallocated,KY,1/31/20,0,0,0,NaN,NaN
Statewide Unallocated,KY,2/1/20,0,0,0,NaN,NaN
Statewide Unallocated,KY,2/10/20,0,0,0,NaN,NaN
Statewide Unallocated,KY,2/11/20,0,0,0,NaN,NaN
Statewide Unallocated,KY,2/12/20,0,0,0,NaN,NaN
Statewide Unallocated,KY,2/13/20,0,0,0,NaN,NaN
Statewide Unallocated,KY,2/14/20,0,0,0,NaN,NaN
Statewide Unallocated,KY,2/15/20,0,0,0,NaN,NaN
Statewide Unallocated,KY,2/16/20,0,0,0,NaN,NaN
Statewide Unallocated,KY,2/17/20,0,0,0,NaN,NaN
Statewide Unallocated,KY,2/18/20,0,0,0,NaN,NaN
Statewide Unallocated,KY,2/19/20,0,0,0,NaN,NaN
Statewide Unallocated,KY,2/2/20,0,0,0,NaN,NaN
Statewide Unallocated,KY,2/20/20,0,0,0,NaN,NaN
Statewide Unallocated,KY,2/21/20,0,0,0,NaN,NaN
Statewide Unallocated,KY,2/22/20,0,0,0,NaN,NaN
Statewide Unallocated,KY,2/23/20,0,0,0,NaN,NaN
Statewide Unallocated,KY,2/24/20,0,0,0,NaN,NaN
Statewide Unallocated,KY,2/25/20,0,0,0,NaN,NaN
Statewide Unallocated,KY,2/26/20,0,0,0,NaN,NaN
Statewide Unallocated,KY,2/27/20,0,0,0,NaN,NaN
Statewide Unallocated,KY,2/28/20,0,0,0,NaN,NaN
Statewide Unallocated,KY,2/29/20,0,0,0,NaN,NaN
Statewide Unallocated,KY,2/3/20,0,0,0,NaN,NaN
Statewide Unallocated,KY,2/4/20,0,0,0,NaN,NaN
Statewide Unallocated,KY,2/5/20,0,0,0,NaN,NaN
Statewide Unallocated,KY,2/6/20,0,0,0,NaN,NaN
Statewide Unallocated,KY,2/7/20,0,0,0,NaN,NaN
Statewide Unallocated,KY,2/8/20,0,0,0,NaN,NaN
Statewide Unallocated,KY,2/9/20,0,0,0,NaN,NaN
Statewide Unallocated,KY,3/1/20,0,0,0,NaN,NaN
Statewide Unallocated,KY,3/10/20,0,0,0,NaN,NaN
Statewide Unallocated,KY,3/11/20,0,0,0,NaN,NaN
Statewide Unallocated,KY,3/12/20,0,0,0,NaN,NaN
Statewide Unallocated,KY,3/13/20,0,0,0,NaN,NaN
Statewide Unallocated,KY,3/14/20,0,0,0,NaN,NaN
Statewide Unallocated,KY,3/15/20,0,0,0,NaN,NaN
Statewide Unallocated,KY,3/16/20,0,0,0,NaN,NaN
Statewide Unallocated,KY,3/17/20,3,0,0,Inf,NaN
Statewide Unallocated,KY,3/18/20,1,0,0,Inf,NaN
Statewide Unallocated,KY,3/19/20,2,0,0,Inf,NaN
Statewide Unallocated,KY,3/2/20,0,0,0,NaN,NaN
Statewide Unallocated,KY,3/20/20,5,0,0,Inf,NaN
Statewide Unallocated,KY,3/21/20,5,0,0,Inf,NaN
Statewide Unallocated,KY,3/22/20,13,0,0,Inf,NaN
Statewide Unallocated,KY,3/23/20,19,0,0,Inf,NaN
Statewide Unallocated,KY,3/24/20,5,0,0,Inf,NaN
Statewide Unallocated,KY,3/25/20,35,0,0,Inf,NaN
Statewide Unallocated,KY,3/26/20,29,0,0,Inf,NaN
Statewide Unallocated,KY,3/27/20,22,0,0,Inf,NaN
Statewide Unallocated,KY,3/28/20,13,0,0,Inf,NaN
Statewide Unallocated,KY,3/29/20,16,0,0,Inf,NaN
Statewide Unallocated,KY,3/3/20,0,0,0,NaN,NaN
Statewide Unallocated,KY,3/30/20,22,1,0,Inf,Inf
Statewide Unallocated,KY,3/31/20,15,1,0,Inf,Inf
Statewide Unallocated,KY,3/4/20,0,0,0,NaN,NaN
Statewide Unallocated,KY,3/5/20,0,0,0,NaN,NaN
Statewide Unallocated,KY,3/6/20,0,0,0,NaN,NaN
Statewide Unallocated,KY,3/7/20,0,0,0,NaN,NaN
Statewide Unallocated,KY,3/8/20,0,0,0,NaN,NaN
Statewide Unallocated,KY,3/9/20,0,0,0,NaN,NaN
Statewide Unallocated,KY,4/1/20,30,0,0,Inf,NaN
Statewide Unallocated,KY,4/10/20,32,4,0,Inf,Inf
Statewide Unallocated,KY,4/11/20,49,6,0,Inf,Inf
Statewide Unallocated,KY,4/12/20,32,8,0,Inf,Inf
Statewide Unallocated,KY,4/13/20,46,1,0,Inf,Inf
Statewide Unallocated,KY,4/14/20,77,0,0,Inf,NaN
Statewide Unallocated,KY,4/15/20,87,0,0,Inf,NaN
Statewide Unallocated,KY,4/16/20,76,1,0,Inf,Inf
Statewide Unallocated,KY,4/17/20,90,1,0,Inf,Inf
Statewide Unallocated,KY,4/18/20,70,0,0,Inf,NaN
Statewide Unallocated,KY,4/19/20,75,0,0,Inf,NaN
Statewide Unallocated,KY,4/2/20,57,0,0,Inf,NaN
Statewide Unallocated,KY,4/20/20,74,0,0,Inf,NaN
Statewide Unallocated,KY,4/21/20,73,0,0,Inf,NaN
Statewide Unallocated,KY,4/22/20,70,0,0,Inf,NaN
Statewide Unallocated,KY,4/23/20,71,0,0,Inf,NaN
Statewide Unallocated,KY,4/24/20,60,0,0,Inf,NaN
Statewide Unallocated,KY,4/25/20,58,0,0,Inf,NaN
Statewide Unallocated,KY,4/26/20,57,0,0,Inf,NaN
Statewide Unallocated,KY,4/27/20,54,0,0,Inf,NaN
Statewide Unallocated,KY,4/28/20,49,0,0,Inf,NaN
Statewide Unallocated,KY,4/29/20,55,0,0,Inf,NaN
Statewide Unallocated,KY,4/3/20,44,2,0,Inf,Inf
Statewide Unallocated,KY,4/30/20,58,0,0,Inf,NaN
Statewide Unallocated,KY,4/4/20,57,2,0,Inf,Inf
Statewide Unallocated,KY,4/5/20,0,2,0,NaN,Inf
Statewide Unallocated,KY,4/6/20,0,5,0,NaN,Inf
Statewide Unallocated,KY,4/7/20,19,1,0,Inf,Inf
Statewide Unallocated,KY,4/8/20,0,1,0,NaN,Inf
Statewide Unallocated,KY,4/9/20,0,5,0,NaN,Inf
Statewide Unallocated,KY,5/1/20,56,0,0,Inf,NaN
Statewide Unallocated,KY,5/10/20,35,0,0,Inf,NaN
Statewide Unallocated,KY,5/11/20,31,0,0,Inf,NaN
Statewide Unallocated,KY,5/12/20,31,0,0,Inf,NaN
Statewide Unallocated,KY,5/13/20,32,0,0,Inf,NaN
Statewide Unallocated,KY,5/14/20,31,0,0,Inf,NaN
Statewide Unallocated,KY,5/15/20,31,0,0,Inf,NaN
Statewide Unallocated,KY,5/16/20,31,0,0,Inf,NaN
Statewide Unallocated,KY,5/17/20,31,0,0,Inf,NaN
Statewide Unallocated,KY,5/18/20,32,0,0,Inf,NaN
Statewide Unallocated,KY,5/19/20,33,0,0,Inf,NaN
Statewide Unallocated,KY,5/2/20,56,0,0,Inf,NaN
Statewide Unallocated,KY,5/20/20,32,0,0,Inf,NaN
Statewide Unallocated,KY,5/21/20,28,0,0,Inf,NaN
Statewide Unallocated,KY,5/22/20,28,0,0,Inf,NaN
Statewide Unallocated,KY,5/23/20,29,0,0,Inf,NaN
Statewide Unallocated,KY,5/24/20,29,0,0,Inf,NaN
Statewide Unallocated,KY,5/25/20,29,0,0,Inf,NaN
Statewide Unallocated,KY,5/26/20,29,0,0,Inf,NaN
Statewide Unallocated,KY,5/27/20,29,0,0,Inf,NaN
Statewide Unallocated,KY,5/28/20,29,0,0,Inf,NaN
Statewide Unallocated,KY,5/29/20,25,0,0,Inf,NaN
Statewide Unallocated,KY,5/3/20,62,0,0,Inf,NaN
Statewide Unallocated,KY,5/30/20,6,0,0,Inf,NaN
Statewide Unallocated,KY,5/31/20,6,0,0,Inf,NaN
Statewide Unallocated,KY,5/4/20,58,0,0,Inf,NaN
Statewide Unallocated,KY,5/5/20,57,0,0,Inf,NaN
Statewide Unallocated,KY,5/6/20,41,0,0,Inf,NaN
Statewide Unallocated,KY,5/7/20,38,0,0,Inf,NaN
Statewide Unallocated,KY,5/8/20,38,0,0,Inf,NaN
Statewide Unallocated,KY,5/9/20,35,0,0,Inf,NaN
Statewide Unallocated,KY,6/1/20,14,0,0,Inf,NaN
Statewide Unallocated,KY,6/10/20,6,0,0,Inf,NaN
Statewide Unallocated,KY,6/11/20,7,0,0,Inf,NaN
Statewide Unallocated,KY,6/12/20,9,0,0,Inf,NaN
Statewide Unallocated,KY,6/13/20,11,0,0,Inf,NaN
Statewide Unallocated,KY,6/14/20,11,0,0,Inf,NaN
Statewide Unallocated,KY,6/15/20,11,0,0,Inf,NaN
Statewide Unallocated,KY,6/16/20,11,0,0,Inf,NaN
Statewide Unallocated,KY,6/17/20,14,0,0,Inf,NaN
Statewide Unallocated,KY,6/18/20,18,0,0,Inf,NaN
Statewide Unallocated,KY,6/19/20,21,0,0,Inf,NaN
Statewide Unallocated,KY,6/2/20,7,0,0,Inf,NaN
Statewide Unallocated,KY,6/20/20,21,0,0,Inf,NaN
Statewide Unallocated,KY,6/21/20,21,0,0,Inf,NaN
Statewide Unallocated,KY,6/22/20,21,0,0,Inf,NaN
Statewide Unallocated,KY,6/23/20,14,0,0,Inf,NaN
Statewide Unallocated,KY,6/24/20,14,0,0,Inf,NaN
Statewide Unallocated,KY,6/25/20,13,0,0,Inf,NaN
Statewide Unallocated,KY,6/26/20,0,0,0,NaN,NaN
Statewide Unallocated,KY,6/27/20,2,0,0,Inf,NaN
Statewide Unallocated,KY,6/28/20,2,0,0,Inf,NaN
Statewide Unallocated,KY,6/29/20,2,0,0,Inf,NaN
Statewide Unallocated,KY,6/3/20,8,0,0,Inf,NaN
Statewide Unallocated,KY,6/30/20,2,0,0,Inf,NaN
Statewide Unallocated,KY,6/4/20,9,0,0,Inf,NaN
Statewide Unallocated,KY,6/5/20,9,0,0,Inf,NaN
Statewide Unallocated,KY,6/6/20,7,0,0,Inf,NaN
Statewide Unallocated,KY,6/7/20,7,0,0,Inf,NaN
Statewide Unallocated,KY,6/8/20,7,0,0,Inf,NaN
Statewide Unallocated,KY,6/9/20,8,0,0,Inf,NaN
Statewide Unallocated,KY,7/1/20,4,0,0,Inf,NaN
Statewide Unallocated,KY,7/10/20,2,0,0,Inf,NaN
Statewide Unallocated,KY,7/11/20,3,0,0,Inf,NaN
Statewide Unallocated,KY,7/12/20,9,0,0,Inf,NaN
Statewide Unallocated,KY,7/13/20,11,0,0,Inf,NaN
Statewide Unallocated,KY,7/14/20,11,0,0,Inf,NaN
Statewide Unallocated,KY,7/15/20,0,0,0,NaN,NaN
Statewide Unallocated,KY,7/16/20,1,0,0,Inf,NaN
Statewide Unallocated,KY,7/17/20,0,0,0,NaN,NaN
Statewide Unallocated,KY,7/18/20,6,0,0,Inf,NaN
Statewide Unallocated,KY,7/19/20,6,0,0,Inf,NaN
Statewide Unallocated,KY,7/2/20,4,0,0,Inf,NaN
Statewide Unallocated,KY,7/20/20,4,0,0,Inf,NaN
Statewide Unallocated,KY,7/21/20,4,0,0,Inf,NaN
Statewide Unallocated,KY,7/22/20,0,0,0,NaN,NaN
Statewide Unallocated,KY,7/23/20,4,0,0,Inf,NaN
Statewide Unallocated,KY,7/24/20,3,0,0,Inf,NaN
Statewide Unallocated,KY,7/25/20,3,0,0,Inf,NaN
Statewide Unallocated,KY,7/26/20,0,0,0,NaN,NaN
Statewide Unallocated,KY,7/27/20,18,0,0,Inf,NaN
Statewide Unallocated,KY,7/28/20,18,0,0,Inf,NaN
Statewide Unallocated,KY,7/29/20,0,0,0,NaN,NaN
Statewide Unallocated,KY,7/3/20,4,0,0,Inf,NaN
Statewide Unallocated,KY,7/30/20,1,0,0,Inf,NaN
Statewide Unallocated,KY,7/31/20,0,0,0,NaN,NaN
Statewide Unallocated,KY,7/4/20,4,0,0,Inf,NaN
Statewide Unallocated,KY,7/5/20,4,0,0,Inf,NaN
Statewide Unallocated,KY,7/6/20,1,0,0,Inf,NaN
Statewide Unallocated,KY,7/7/20,0,0,0,NaN,NaN
Statewide Unallocated,KY,7/8/20,1,0,0,Inf,NaN
Statewide Unallocated,KY,7/9/20,4,0,0,Inf,NaN
Statewide Unallocated,KY,8/1/20,0,0,0,NaN,NaN
Statewide Unallocated,KY,8/2/20,0,0,0,NaN,NaN
Statewide Unallocated,KY,8/3/20,0,0,0,NaN,NaN
Statewide Unallocated,KY,8/4/20,0,0,0,NaN,NaN
Statewide Unallocated,KY,8/5/20,0,0,0,NaN,NaN
Statewide Unallocated,KY,8/6/20,0,0,0,NaN,NaN
Statewide Unallocated,MI,1/22/20,0,0,0,NaN,NaN
Statewide Unallocated,MI,1/23/20,0,0,0,NaN,NaN
Statewide Unallocated,MI,1/24/20,0,0,0,NaN,NaN
Statewide Unallocated,MI,1/25/20,0,0,0,NaN,NaN
Statewide Unallocated,MI,1/26/20,0,0,0,NaN,NaN
Statewide Unallocated,MI,1/27/20,0,0,0,NaN,NaN
Statewide Unallocated,MI,1/28/20,0,0,0,NaN,NaN
Statewide Unallocated,MI,1/29/20,0,0,0,NaN,NaN
Statewide Unallocated,MI,1/30/20,0,0,0,NaN,NaN
Statewide Unallocated,MI,1/31/20,0,0,0,NaN,NaN
Statewide Unallocated,MI,2/1/20,0,0,0,NaN,NaN
Statewide Unallocated,MI,2/10/20,0,0,0,NaN,NaN
Statewide Unallocated,MI,2/11/20,0,0,0,NaN,NaN
Statewide Unallocated,MI,2/12/20,0,0,0,NaN,NaN
Statewide Unallocated,MI,2/13/20,0,0,0,NaN,NaN
Statewide Unallocated,MI,2/14/20,0,0,0,NaN,NaN
Statewide Unallocated,MI,2/15/20,0,0,0,NaN,NaN
Statewide Unallocated,MI,2/16/20,0,0,0,NaN,NaN
Statewide Unallocated,MI,2/17/20,0,0,0,NaN,NaN
Statewide Unallocated,MI,2/18/20,0,0,0,NaN,NaN
Statewide Unallocated,MI,2/19/20,0,0,0,NaN,NaN
Statewide Unallocated,MI,2/2/20,0,0,0,NaN,NaN
Statewide Unallocated,MI,2/20/20,0,0,0,NaN,NaN
Statewide Unallocated,MI,2/21/20,0,0,0,NaN,NaN
Statewide Unallocated,MI,2/22/20,0,0,0,NaN,NaN
Statewide Unallocated,MI,2/23/20,0,0,0,NaN,NaN
Statewide Unallocated,MI,2/24/20,0,0,0,NaN,NaN
Statewide Unallocated,MI,2/25/20,0,0,0,NaN,NaN
Statewide Unallocated,MI,2/26/20,0,0,0,NaN,NaN
Statewide Unallocated,MI,2/27/20,0,0,0,NaN,NaN
Statewide Unallocated,MI,2/28/20,0,0,0,NaN,NaN
Statewide Unallocated,MI,2/29/20,0,0,0,NaN,NaN
Statewide Unallocated,MI,2/3/20,0,0,0,NaN,NaN
Statewide Unallocated,MI,2/4/20,0,0,0,NaN,NaN
Statewide Unallocated,MI,2/5/20,0,0,0,NaN,NaN
Statewide Unallocated,MI,2/6/20,0,0,0,NaN,NaN
Statewide Unallocated,MI,2/7/20,0,0,0,NaN,NaN
Statewide Unallocated,MI,2/8/20,0,0,0,NaN,NaN
Statewide Unallocated,MI,2/9/20,0,0,0,NaN,NaN
Statewide Unallocated,MI,3/1/20,0,0,0,NaN,NaN
Statewide Unallocated,MI,3/10/20,0,0,0,NaN,NaN
Statewide Unallocated,MI,3/11/20,0,0,0,NaN,NaN
Statewide Unallocated,MI,3/12/20,0,0,0,NaN,NaN
Statewide Unallocated,MI,3/13/20,1,0,0,Inf,NaN
Statewide Unallocated,MI,3/14/20,1,0,0,Inf,NaN
Statewide Unallocated,MI,3/15/20,2,0,0,Inf,NaN
Statewide Unallocated,MI,3/16/20,0,0,0,NaN,NaN
Statewide Unallocated,MI,3/17/20,0,0,0,NaN,NaN
Statewide Unallocated,MI,3/18/20,0,0,0,NaN,NaN
Statewide Unallocated,MI,3/19/20,10,0,0,Inf,NaN
Statewide Unallocated,MI,3/2/20,0,0,0,NaN,NaN
Statewide Unallocated,MI,3/20/20,1,0,0,Inf,NaN
Statewide Unallocated,MI,3/21/20,1,0,0,Inf,NaN
Statewide Unallocated,MI,3/22/20,2,0,0,Inf,NaN
Statewide Unallocated,MI,3/23/20,4,0,0,Inf,NaN
Statewide Unallocated,MI,3/24/20,8,0,0,Inf,NaN
Statewide Unallocated,MI,3/25/20,13,0,0,Inf,NaN
Statewide Unallocated,MI,3/26/20,20,0,0,Inf,NaN
Statewide Unallocated,MI,3/27/20,31,0,0,Inf,NaN
Statewide Unallocated,MI,3/28/20,62,0,0,Inf,NaN
Statewide Unallocated,MI,3/29/20,77,0,0,Inf,NaN
Statewide Unallocated,MI,3/3/20,0,0,0,NaN,NaN
Statewide Unallocated,MI,3/30/20,95,0,0,Inf,NaN
Statewide Unallocated,MI,3/31/20,113,0,0,Inf,NaN
Statewide Unallocated,MI,3/4/20,0,0,0,NaN,NaN
Statewide Unallocated,MI,3/5/20,0,0,0,NaN,NaN
Statewide Unallocated,MI,3/6/20,0,0,0,NaN,NaN
Statewide Unallocated,MI,3/7/20,0,0,0,NaN,NaN
Statewide Unallocated,MI,3/8/20,0,0,0,NaN,NaN
Statewide Unallocated,MI,3/9/20,0,0,0,NaN,NaN
Statewide Unallocated,MI,4/1/20,203,3,0,Inf,Inf
Statewide Unallocated,MI,4/10/20,570,8,0,Inf,Inf
Statewide Unallocated,MI,4/11/20,614,15,0,Inf,Inf
Statewide Unallocated,MI,4/12/20,624,21,0,Inf,Inf
Statewide Unallocated,MI,4/13/20,617,21,0,Inf,Inf
Statewide Unallocated,MI,4/14/20,700,15,0,Inf,Inf
Statewide Unallocated,MI,4/15/20,750,19,0,Inf,Inf
Statewide Unallocated,MI,4/16/20,745,18,0,Inf,Inf
Statewide Unallocated,MI,4/17/20,675,20,0,Inf,Inf
Statewide Unallocated,MI,4/18/20,717,23,0,Inf,Inf
Statewide Unallocated,MI,4/19/20,712,23,0,Inf,Inf
Statewide Unallocated,MI,4/2/20,226,1,0,Inf,Inf
Statewide Unallocated,MI,4/20/20,713,25,0,Inf,Inf
Statewide Unallocated,MI,4/21/20,730,24,0,Inf,Inf
Statewide Unallocated,MI,4/22/20,752,26,0,Inf,Inf
Statewide Unallocated,MI,4/23/20,868,28,0,Inf,Inf
Statewide Unallocated,MI,4/24/20,1064,30,0,Inf,Inf
Statewide Unallocated,MI,4/25/20,1121,34,0,Inf,Inf
Statewide Unallocated,MI,4/26/20,1142,35,0,Inf,Inf
Statewide Unallocated,MI,4/27/20,1154,40,0,Inf,Inf
Statewide Unallocated,MI,4/28/20,1195,42,0,Inf,Inf
Statewide Unallocated,MI,4/29/20,1389,42,0,Inf,Inf
Statewide Unallocated,MI,4/3/20,289,2,0,Inf,Inf
Statewide Unallocated,MI,4/30/20,1574,45,0,Inf,Inf
Statewide Unallocated,MI,4/4/20,335,2,0,Inf,Inf
Statewide Unallocated,MI,4/5/20,432,2,0,Inf,Inf
Statewide Unallocated,MI,4/6/20,462,2,0,Inf,Inf
Statewide Unallocated,MI,4/7/20,527,3,0,Inf,Inf
Statewide Unallocated,MI,4/8/20,490,4,0,Inf,Inf
Statewide Unallocated,MI,4/9/20,499,6,0,Inf,Inf
Statewide Unallocated,MI,5/1/20,1674,45,0,Inf,Inf
Statewide Unallocated,MI,5/10/20,2287,55,0,Inf,Inf
Statewide Unallocated,MI,5/11/20,2289,58,0,Inf,Inf
Statewide Unallocated,MI,5/12/20,2341,59,0,Inf,Inf
Statewide Unallocated,MI,5/13/20,2353,59,0,Inf,Inf
Statewide Unallocated,MI,5/14/20,2414,59,0,Inf,Inf
Statewide Unallocated,MI,5/15/20,2454,59,0,Inf,Inf
Statewide Unallocated,MI,5/16/20,2424,59,0,Inf,Inf
Statewide Unallocated,MI,5/17/20,2746,60,0,Inf,Inf
Statewide Unallocated,MI,5/18/20,3233,60,0,Inf,Inf
Statewide Unallocated,MI,5/19/20,3255,63,0,Inf,Inf
Statewide Unallocated,MI,5/2/20,1950,44,0,Inf,Inf
Statewide Unallocated,MI,5/20/20,3341,63,0,Inf,Inf
Statewide Unallocated,MI,5/21/20,3427,64,0,Inf,Inf
Statewide Unallocated,MI,5/22/20,3473,64,0,Inf,Inf
Statewide Unallocated,MI,5/23/20,3483,66,0,Inf,Inf
Statewide Unallocated,MI,5/24/20,3502,68,0,Inf,Inf
Statewide Unallocated,MI,5/25/20,3503,68,0,Inf,Inf
Statewide Unallocated,MI,5/26/20,3510,68,0,Inf,Inf
Statewide Unallocated,MI,5/27/20,3766,68,0,Inf,Inf
Statewide Unallocated,MI,5/28/20,3819,69,0,Inf,Inf
Statewide Unallocated,MI,5/29/20,3947,70,0,Inf,Inf
Statewide Unallocated,MI,5/3/20,1967,44,0,Inf,Inf
Statewide Unallocated,MI,5/30/20,4103,73,0,Inf,Inf
Statewide Unallocated,MI,5/31/20,4125,73,0,Inf,Inf
Statewide Unallocated,MI,5/4/20,1998,48,0,Inf,Inf
Statewide Unallocated,MI,5/5/20,2073,51,0,Inf,Inf
Statewide Unallocated,MI,5/6/20,2047,50,0,Inf,Inf
Statewide Unallocated,MI,5/7/20,2175,53,0,Inf,Inf
Statewide Unallocated,MI,5/8/20,2311,53,0,Inf,Inf
Statewide Unallocated,MI,5/9/20,2279,53,0,Inf,Inf
Statewide Unallocated,MI,6/1/20,4123,73,0,Inf,Inf
Statewide Unallocated,MI,6/10/20,4319,74,0,Inf,Inf
Statewide Unallocated,MI,6/11/20,4340,75,0,Inf,Inf
Statewide Unallocated,MI,6/12/20,4359,75,0,Inf,Inf
Statewide Unallocated,MI,6/13/20,4345,73,0,Inf,Inf
Statewide Unallocated,MI,6/14/20,4343,73,0,Inf,Inf
Statewide Unallocated,MI,6/15/20,4260,73,0,Inf,Inf
Statewide Unallocated,MI,6/16/20,4269,73,0,Inf,Inf
Statewide Unallocated,MI,6/17/20,4279,73,0,Inf,Inf
Statewide Unallocated,MI,6/18/20,4283,73,0,Inf,Inf
Statewide Unallocated,MI,6/19/20,4292,73,0,Inf,Inf
Statewide Unallocated,MI,6/2/20,4166,74,0,Inf,Inf
Statewide Unallocated,MI,6/20/20,4305,73,0,Inf,Inf
Statewide Unallocated,MI,6/21/20,4306,73,0,Inf,Inf
Statewide Unallocated,MI,6/22/20,4314,73,0,Inf,Inf
Statewide Unallocated,MI,6/23/20,4335,73,0,Inf,Inf
Statewide Unallocated,MI,6/24/20,4354,73,0,Inf,Inf
Statewide Unallocated,MI,6/25/20,4351,73,0,Inf,Inf
Statewide Unallocated,MI,6/26/20,4373,73,0,Inf,Inf
Statewide Unallocated,MI,6/27/20,4375,73,0,Inf,Inf
Statewide Unallocated,MI,6/28/20,4388,73,0,Inf,Inf
Statewide Unallocated,MI,6/29/20,4389,73,0,Inf,Inf
Statewide Unallocated,MI,6/3/20,4176,74,0,Inf,Inf
Statewide Unallocated,MI,6/30/20,4397,73,0,Inf,Inf
Statewide Unallocated,MI,6/4/20,4181,74,0,Inf,Inf
Statewide Unallocated,MI,6/5/20,4296,74,0,Inf,Inf
Statewide Unallocated,MI,6/6/20,4290,74,0,Inf,Inf
Statewide Unallocated,MI,6/7/20,4298,74,0,Inf,Inf
Statewide Unallocated,MI,6/8/20,4312,74,0,Inf,Inf
Statewide Unallocated,MI,6/9/20,4320,74,0,Inf,Inf
Statewide Unallocated,MI,7/1/20,4335,73,0,Inf,Inf
Statewide Unallocated,MI,7/10/20,4356,73,0,Inf,Inf
Statewide Unallocated,MI,7/11/20,4406,73,0,Inf,Inf
Statewide Unallocated,MI,7/12/20,4370,73,0,Inf,Inf
Statewide Unallocated,MI,7/13/20,4382,73,0,Inf,Inf
Statewide Unallocated,MI,7/14/20,4377,73,0,Inf,Inf
Statewide Unallocated,MI,7/15/20,4363,73,0,Inf,Inf
Statewide Unallocated,MI,7/16/20,4393,73,0,Inf,Inf
Statewide Unallocated,MI,7/17/20,4376,73,0,Inf,Inf
Statewide Unallocated,MI,7/18/20,4399,73,0,Inf,Inf
Statewide Unallocated,MI,7/19/20,4422,73,0,Inf,Inf
Statewide Unallocated,MI,7/2/20,4346,73,0,Inf,Inf
Statewide Unallocated,MI,7/20/20,4437,73,0,Inf,Inf
Statewide Unallocated,MI,7/21/20,4428,73,0,Inf,Inf
Statewide Unallocated,MI,7/22/20,4392,73,0,Inf,Inf
Statewide Unallocated,MI,7/23/20,4370,73,0,Inf,Inf
Statewide Unallocated,MI,7/24/20,4388,73,0,Inf,Inf
Statewide Unallocated,MI,7/25/20,4430,73,0,Inf,Inf
Statewide Unallocated,MI,7/26/20,4392,73,0,Inf,Inf
Statewide Unallocated,MI,7/27/20,4412,73,0,Inf,Inf
Statewide Unallocated,MI,7/28/20,4474,73,0,Inf,Inf
Statewide Unallocated,MI,7/29/20,4518,73,0,Inf,Inf
Statewide Unallocated,MI,7/3/20,4369,73,0,Inf,Inf
Statewide Unallocated,MI,7/30/20,4425,74,0,Inf,Inf
Statewide Unallocated,MI,7/31/20,4403,74,0,Inf,Inf
Statewide Unallocated,MI,7/4/20,4380,73,0,Inf,Inf
Statewide Unallocated,MI,7/5/20,4397,73,0,Inf,Inf
Statewide Unallocated,MI,7/6/20,4421,73,0,Inf,Inf
Statewide Unallocated,MI,7/7/20,4437,73,0,Inf,Inf
Statewide Unallocated,MI,7/8/20,4442,73,0,Inf,Inf
Statewide Unallocated,MI,7/9/20,4346,73,0,Inf,Inf
Statewide Unallocated,MI,8/1/20,4428,74,0,Inf,Inf
Statewide Unallocated,MI,8/2/20,4447,74,0,Inf,Inf
Statewide Unallocated,MI,8/3/20,4462,74,0,Inf,Inf
Statewide Unallocated,MI,8/4/20,4551,74,0,Inf,Inf
Statewide Unallocated,MI,8/5/20,4607,75,0,Inf,Inf
Statewide Unallocated,MI,8/6/20,4601,75,0,Inf,Inf
Statewide Unallocated,MN,1/22/20,0,0,0,NaN,NaN
Statewide Unallocated,MN,1/23/20,0,0,0,NaN,NaN
Statewide Unallocated,MN,1/24/20,0,0,0,NaN,NaN
Statewide Unallocated,MN,1/25/20,0,0,0,NaN,NaN
Statewide Unallocated,MN,1/26/20,0,0,0,NaN,NaN
Statewide Unallocated,MN,1/27/20,0,0,0,NaN,NaN
Statewide Unallocated,MN,1/28/20,0,0,0,NaN,NaN
Statewide Unallocated,MN,1/29/20,0,0,0,NaN,NaN
Statewide Unallocated,MN,1/30/20,0,0,0,NaN,NaN
Statewide Unallocated,MN,1/31/20,0,0,0,NaN,NaN
Statewide Unallocated,MN,2/1/20,0,0,0,NaN,NaN
Statewide Unallocated,MN,2/10/20,0,0,0,NaN,NaN
Statewide Unallocated,MN,2/11/20,0,0,0,NaN,NaN
Statewide Unallocated,MN,2/12/20,0,0,0,NaN,NaN
Statewide Unallocated,MN,2/13/20,0,0,0,NaN,NaN
Statewide Unallocated,MN,2/14/20,0,0,0,NaN,NaN
Statewide Unallocated,MN,2/15/20,0,0,0,NaN,NaN
Statewide Unallocated,MN,2/16/20,0,0,0,NaN,NaN
Statewide Unallocated,MN,2/17/20,0,0,0,NaN,NaN
Statewide Unallocated,MN,2/18/20,0,0,0,NaN,NaN
Statewide Unallocated,MN,2/19/20,0,0,0,NaN,NaN
Statewide Unallocated,MN,2/2/20,0,0,0,NaN,NaN
Statewide Unallocated,MN,2/20/20,0,0,0,NaN,NaN
Statewide Unallocated,MN,2/21/20,0,0,0,NaN,NaN
Statewide Unallocated,MN,2/22/20,0,0,0,NaN,NaN
Statewide Unallocated,MN,2/23/20,0,0,0,NaN,NaN
Statewide Unallocated,MN,2/24/20,0,0,0,NaN,NaN
Statewide Unallocated,MN,2/25/20,0,0,0,NaN,NaN
Statewide Unallocated,MN,2/26/20,0,0,0,NaN,NaN
Statewide Unallocated,MN,2/27/20,0,0,0,NaN,NaN
Statewide Unallocated,MN,2/28/20,0,0,0,NaN,NaN
Statewide Unallocated,MN,2/29/20,0,0,0,NaN,NaN
Statewide Unallocated,MN,2/3/20,0,0,0,NaN,NaN
Statewide Unallocated,MN,2/4/20,0,0,0,NaN,NaN
Statewide Unallocated,MN,2/5/20,0,0,0,NaN,NaN
Statewide Unallocated,MN,2/6/20,0,0,0,NaN,NaN
Statewide Unallocated,MN,2/7/20,0,0,0,NaN,NaN
Statewide Unallocated,MN,2/8/20,0,0,0,NaN,NaN
Statewide Unallocated,MN,2/9/20,0,0,0,NaN,NaN
Statewide Unallocated,MN,3/1/20,0,0,0,NaN,NaN
Statewide Unallocated,MN,3/10/20,0,0,0,NaN,NaN
Statewide Unallocated,MN,3/11/20,0,0,0,NaN,NaN
Statewide Unallocated,MN,3/12/20,1,0,0,Inf,NaN
Statewide Unallocated,MN,3/13/20,2,0,0,Inf,NaN
Statewide Unallocated,MN,3/14/20,0,0,0,NaN,NaN
Statewide Unallocated,MN,3/15/20,12,0,0,Inf,NaN
Statewide Unallocated,MN,3/16/20,7,0,0,Inf,NaN
Statewide Unallocated,MN,3/17/20,8,0,0,Inf,NaN
Statewide Unallocated,MN,3/18/20,16,0,0,Inf,NaN
Statewide Unallocated,MN,3/19/20,2,0,0,Inf,NaN
Statewide Unallocated,MN,3/2/20,0,0,0,NaN,NaN
Statewide Unallocated,MN,3/20/20,0,0,0,NaN,NaN
Statewide Unallocated,MN,3/21/20,1,0,0,Inf,NaN
Statewide Unallocated,MN,3/22/20,1,0,0,Inf,NaN
Statewide Unallocated,MN,3/23/20,0,0,0,NaN,NaN
Statewide Unallocated,MN,3/24/20,0,0,0,NaN,NaN
Statewide Unallocated,MN,3/25/20,0,0,0,NaN,NaN
Statewide Unallocated,MN,3/26/20,0,0,0,NaN,NaN
Statewide Unallocated,MN,3/27/20,0,0,0,NaN,NaN
Statewide Unallocated,MN,3/28/20,0,0,0,NaN,NaN
Statewide Unallocated,MN,3/29/20,0,0,0,NaN,NaN
Statewide Unallocated,MN,3/3/20,0,0,0,NaN,NaN
Statewide Unallocated,MN,3/30/20,0,1,0,NaN,Inf
Statewide Unallocated,MN,3/31/20,0,1,0,NaN,Inf
Statewide Unallocated,MN,3/4/20,0,0,0,NaN,NaN
Statewide Unallocated,MN,3/5/20,0,0,0,NaN,NaN
Statewide Unallocated,MN,3/6/20,0,0,0,NaN,NaN
Statewide Unallocated,MN,3/7/20,0,0,0,NaN,NaN
Statewide Unallocated,MN,3/8/20,0,0,0,NaN,NaN
Statewide Unallocated,MN,3/9/20,0,0,0,NaN,NaN
Statewide Unallocated,MN,4/1/20,0,4,0,NaN,Inf
Statewide Unallocated,MN,4/10/20,5,0,0,Inf,NaN
Statewide Unallocated,MN,4/11/20,6,0,0,Inf,NaN
Statewide Unallocated,MN,4/12/20,7,0,0,Inf,NaN
Statewide Unallocated,MN,4/13/20,36,0,0,Inf,NaN
Statewide Unallocated,MN,4/14/20,7,0,0,Inf,NaN
Statewide Unallocated,MN,4/15/20,0,0,0,NaN,NaN
Statewide Unallocated,MN,4/16/20,0,0,0,NaN,NaN
Statewide Unallocated,MN,4/17/20,0,0,0,NaN,NaN
Statewide Unallocated,MN,4/18/20,0,0,0,NaN,NaN
Statewide Unallocated,MN,4/19/20,0,0,0,NaN,NaN
Statewide Unallocated,MN,4/2/20,0,4,0,NaN,Inf
Statewide Unallocated,MN,4/20/20,0,0,0,NaN,NaN
Statewide Unallocated,MN,4/21/20,0,0,0,NaN,NaN
Statewide Unallocated,MN,4/22/20,0,0,0,NaN,NaN
Statewide Unallocated,MN,4/23/20,0,0,0,NaN,NaN
Statewide Unallocated,MN,4/24/20,0,0,0,NaN,NaN
Statewide Unallocated,MN,4/25/20,0,0,0,NaN,NaN
Statewide Unallocated,MN,4/26/20,0,0,0,NaN,NaN
Statewide Unallocated,MN,4/27/20,0,0,0,NaN,NaN
Statewide Unallocated,MN,4/28/20,0,0,0,NaN,NaN
Statewide Unallocated,MN,4/29/20,0,0,0,NaN,NaN
Statewide Unallocated,MN,4/3/20,0,0,0,NaN,NaN
Statewide Unallocated,MN,4/30/20,0,0,0,NaN,NaN
Statewide Unallocated,MN,4/4/20,0,0,0,NaN,NaN
Statewide Unallocated,MN,4/5/20,0,1,0,NaN,Inf
Statewide Unallocated,MN,4/6/20,0,1,0,NaN,Inf
Statewide Unallocated,MN,4/7/20,5,0,0,Inf,NaN
Statewide Unallocated,MN,4/8/20,5,0,0,Inf,NaN
Statewide Unallocated,MN,4/9/20,5,0,0,Inf,NaN
Statewide Unallocated,MN,5/1/20,0,0,0,NaN,NaN
Statewide Unallocated,MN,5/10/20,18,0,0,Inf,NaN
Statewide Unallocated,MN,5/11/20,25,0,0,Inf,NaN
Statewide Unallocated,MN,5/12/20,30,0,0,Inf,NaN
Statewide Unallocated,MN,5/13/20,17,0,0,Inf,NaN
Statewide Unallocated,MN,5/14/20,21,0,0,Inf,NaN
Statewide Unallocated,MN,5/15/20,25,0,0,Inf,NaN
Statewide Unallocated,MN,5/16/20,28,0,0,Inf,NaN
Statewide Unallocated,MN,5/17/20,29,0,0,Inf,NaN
Statewide Unallocated,MN,5/18/20,28,0,0,Inf,NaN
Statewide Unallocated,MN,5/19/20,35,0,0,Inf,NaN
Statewide Unallocated,MN,5/2/20,0,0,0,NaN,NaN
Statewide Unallocated,MN,5/20/20,32,0,0,Inf,NaN
Statewide Unallocated,MN,5/21/20,34,0,0,Inf,NaN
Statewide Unallocated,MN,5/22/20,20,0,0,Inf,NaN
Statewide Unallocated,MN,5/23/20,16,0,0,Inf,NaN
Statewide Unallocated,MN,5/24/20,19,0,0,Inf,NaN
Statewide Unallocated,MN,5/25/20,22,0,0,Inf,NaN
Statewide Unallocated,MN,5/26/20,15,0,0,Inf,NaN
Statewide Unallocated,MN,5/27/20,61,0,0,Inf,NaN
Statewide Unallocated,MN,5/28/20,94,0,0,Inf,NaN
Statewide Unallocated,MN,5/29/20,66,0,0,Inf,NaN
Statewide Unallocated,MN,5/3/20,0,0,0,NaN,NaN
Statewide Unallocated,MN,5/30/20,86,0,0,Inf,NaN
Statewide Unallocated,MN,5/31/20,89,0,0,Inf,NaN
Statewide Unallocated,MN,5/4/20,0,0,0,NaN,NaN
Statewide Unallocated,MN,5/5/20,22,1,0,Inf,Inf
Statewide Unallocated,MN,5/6/20,11,0,0,Inf,NaN
Statewide Unallocated,MN,5/7/20,20,0,0,Inf,NaN
Statewide Unallocated,MN,5/8/20,31,0,0,Inf,NaN
Statewide Unallocated,MN,5/9/20,17,0,0,Inf,NaN
Statewide Unallocated,MN,6/1/20,88,0,0,Inf,NaN
Statewide Unallocated,MN,6/10/20,82,0,0,Inf,NaN
Statewide Unallocated,MN,6/11/20,83,0,0,Inf,NaN
Statewide Unallocated,MN,6/12/20,65,0,0,Inf,NaN
Statewide Unallocated,MN,6/13/20,57,0,0,Inf,NaN
Statewide Unallocated,MN,6/14/20,56,0,0,Inf,NaN
Statewide Unallocated,MN,6/15/20,56,0,0,Inf,NaN
Statewide Unallocated,MN,6/16/20,55,0,0,Inf,NaN
Statewide Unallocated,MN,6/17/20,59,0,0,Inf,NaN
Statewide Unallocated,MN,6/18/20,58,0,0,Inf,NaN
Statewide Unallocated,MN,6/19/20,57,0,0,Inf,NaN
Statewide Unallocated,MN,6/2/20,83,0,0,Inf,NaN
Statewide Unallocated,MN,6/20/20,68,0,0,Inf,NaN
Statewide Unallocated,MN,6/21/20,82,0,0,Inf,NaN
Statewide Unallocated,MN,6/22/20,80,0,0,Inf,NaN
Statewide Unallocated,MN,6/23/20,77,0,0,Inf,NaN
Statewide Unallocated,MN,6/24/20,80,0,0,Inf,NaN
Statewide Unallocated,MN,6/25/20,79,0,0,Inf,NaN
Statewide Unallocated,MN,6/26/20,81,0,0,Inf,NaN
Statewide Unallocated,MN,6/27/20,82,0,0,Inf,NaN
Statewide Unallocated,MN,6/28/20,82,0,0,Inf,NaN
Statewide Unallocated,MN,6/29/20,82,0,0,Inf,NaN
Statewide Unallocated,MN,6/3/20,74,0,0,Inf,NaN
Statewide Unallocated,MN,6/30/20,83,0,0,Inf,NaN
Statewide Unallocated,MN,6/4/20,75,0,0,Inf,NaN
Statewide Unallocated,MN,6/5/20,96,0,0,Inf,NaN
Statewide Unallocated,MN,6/6/20,96,0,0,Inf,NaN
Statewide Unallocated,MN,6/7/20,87,0,0,Inf,NaN
Statewide Unallocated,MN,6/8/20,88,0,0,Inf,NaN
Statewide Unallocated,MN,6/9/20,86,0,0,Inf,NaN
Statewide Unallocated,MN,7/1/20,81,0,0,Inf,NaN
Statewide Unallocated,MN,7/10/20,86,0,0,Inf,NaN
Statewide Unallocated,MN,7/11/20,88,0,0,Inf,NaN
Statewide Unallocated,MN,7/12/20,88,0,0,Inf,NaN
Statewide Unallocated,MN,7/13/20,88,0,0,Inf,NaN
Statewide Unallocated,MN,7/14/20,92,0,0,Inf,NaN
Statewide Unallocated,MN,7/15/20,94,0,0,Inf,NaN
Statewide Unallocated,MN,7/16/20,91,0,0,Inf,NaN
Statewide Unallocated,MN,7/17/20,85,0,0,Inf,NaN
Statewide Unallocated,MN,7/18/20,89,0,0,Inf,NaN
Statewide Unallocated,MN,7/19/20,93,0,0,Inf,NaN
Statewide Unallocated,MN,7/2/20,82,0,0,Inf,NaN
Statewide Unallocated,MN,7/20/20,89,7,0,Inf,Inf
Statewide Unallocated,MN,7/21/20,89,7,0,Inf,Inf
Statewide Unallocated,MN,7/22/20,89,7,0,Inf,Inf
Statewide Unallocated,MN,7/23/20,89,7,0,Inf,Inf
Statewide Unallocated,MN,7/24/20,89,7,0,Inf,Inf
Statewide Unallocated,MN,7/25/20,89,7,0,Inf,Inf
Statewide Unallocated,MN,7/26/20,89,7,0,Inf,Inf
Statewide Unallocated,MN,7/27/20,89,7,0,Inf,Inf
Statewide Unallocated,MN,7/28/20,89,7,0,Inf,Inf
Statewide Unallocated,MN,7/29/20,89,7,0,Inf,Inf
Statewide Unallocated,MN,7/3/20,76,0,0,Inf,NaN
Statewide Unallocated,MN,7/30/20,89,7,0,Inf,Inf
Statewide Unallocated,MN,7/31/20,116,0,0,Inf,NaN
Statewide Unallocated,MN,7/4/20,76,0,0,Inf,NaN
Statewide Unallocated,MN,7/5/20,77,0,0,Inf,NaN
Statewide Unallocated,MN,7/6/20,78,0,0,Inf,NaN
Statewide Unallocated,MN,7/7/20,85,0,0,Inf,NaN
Statewide Unallocated,MN,7/8/20,87,0,0,Inf,NaN
Statewide Unallocated,MN,7/9/20,84,0,0,Inf,NaN
Statewide Unallocated,MN,8/1/20,116,0,0,Inf,NaN
Statewide Unallocated,MN,8/2/20,116,0,0,Inf,NaN
Statewide Unallocated,MN,8/3/20,116,0,0,Inf,NaN
Statewide Unallocated,MN,8/4/20,140,0,0,Inf,NaN
Statewide Unallocated,MN,8/5/20,109,0,0,Inf,NaN
Statewide Unallocated,MN,8/6/20,132,0,0,Inf,NaN
Statewide Unallocated,OH,1/22/20,0,0,0,NaN,NaN
Statewide Unallocated,OH,1/23/20,0,0,0,NaN,NaN
Statewide Unallocated,OH,1/24/20,0,0,0,NaN,NaN
Statewide Unallocated,OH,1/25/20,0,0,0,NaN,NaN
Statewide Unallocated,OH,1/26/20,0,0,0,NaN,NaN
Statewide Unallocated,OH,1/27/20,0,0,0,NaN,NaN
Statewide Unallocated,OH,1/28/20,0,0,0,NaN,NaN
Statewide Unallocated,OH,1/29/20,0,0,0,NaN,NaN
Statewide Unallocated,OH,1/30/20,0,0,0,NaN,NaN
Statewide Unallocated,OH,1/31/20,0,0,0,NaN,NaN
Statewide Unallocated,OH,2/1/20,0,0,0,NaN,NaN
Statewide Unallocated,OH,2/10/20,0,0,0,NaN,NaN
Statewide Unallocated,OH,2/11/20,0,0,0,NaN,NaN
Statewide Unallocated,OH,2/12/20,0,0,0,NaN,NaN
Statewide Unallocated,OH,2/13/20,0,0,0,NaN,NaN
Statewide Unallocated,OH,2/14/20,0,0,0,NaN,NaN
Statewide Unallocated,OH,2/15/20,0,0,0,NaN,NaN
Statewide Unallocated,OH,2/16/20,0,0,0,NaN,NaN
Statewide Unallocated,OH,2/17/20,0,0,0,NaN,NaN
Statewide Unallocated,OH,2/18/20,0,0,0,NaN,NaN
Statewide Unallocated,OH,2/19/20,0,0,0,NaN,NaN
Statewide Unallocated,OH,2/2/20,0,0,0,NaN,NaN
Statewide Unallocated,OH,2/20/20,0,0,0,NaN,NaN
Statewide Unallocated,OH,2/21/20,0,0,0,NaN,NaN
Statewide Unallocated,OH,2/22/20,0,0,0,NaN,NaN
Statewide Unallocated,OH,2/23/20,0,0,0,NaN,NaN
Statewide Unallocated,OH,2/24/20,0,0,0,NaN,NaN
Statewide Unallocated,OH,2/25/20,0,0,0,NaN,NaN
Statewide Unallocated,OH,2/26/20,0,0,0,NaN,NaN
Statewide Unallocated,OH,2/27/20,0,0,0,NaN,NaN
Statewide Unallocated,OH,2/28/20,0,0,0,NaN,NaN
Statewide Unallocated,OH,2/29/20,0,0,0,NaN,NaN
Statewide Unallocated,OH,2/3/20,0,0,0,NaN,NaN
Statewide Unallocated,OH,2/4/20,0,0,0,NaN,NaN
Statewide Unallocated,OH,2/5/20,0,0,0,NaN,NaN
Statewide Unallocated,OH,2/6/20,0,0,0,NaN,NaN
Statewide Unallocated,OH,2/7/20,0,0,0,NaN,NaN
Statewide Unallocated,OH,2/8/20,0,0,0,NaN,NaN
Statewide Unallocated,OH,2/9/20,0,0,0,NaN,NaN
Statewide Unallocated,OH,3/1/20,0,0,0,NaN,NaN
Statewide Unallocated,OH,3/10/20,0,0,0,NaN,NaN
Statewide Unallocated,OH,3/11/20,0,0,0,NaN,NaN
Statewide Unallocated,OH,3/12/20,0,0,0,NaN,NaN
Statewide Unallocated,OH,3/13/20,0,0,0,NaN,NaN
Statewide Unallocated,OH,3/14/20,0,0,0,NaN,NaN
Statewide Unallocated,OH,3/15/20,0,0,0,NaN,NaN
Statewide Unallocated,OH,3/16/20,0,0,0,NaN,NaN
Statewide Unallocated,OH,3/17/20,0,0,0,NaN,NaN
Statewide Unallocated,OH,3/18/20,0,0,0,NaN,NaN
Statewide Unallocated,OH,3/19/20,0,0,0,NaN,NaN
Statewide Unallocated,OH,3/2/20,0,0,0,NaN,NaN
Statewide Unallocated,OH,3/20/20,0,0,0,NaN,NaN
Statewide Unallocated,OH,3/21/20,0,0,0,NaN,NaN
Statewide Unallocated,OH,3/22/20,1,0,0,Inf,NaN
Statewide Unallocated,OH,3/23/20,1,0,0,Inf,NaN
Statewide Unallocated,OH,3/24/20,0,0,0,NaN,NaN
Statewide Unallocated,OH,3/25/20,0,0,0,NaN,NaN
Statewide Unallocated,OH,3/26/20,7,0,0,Inf,NaN
Statewide Unallocated,OH,3/27/20,0,0,0,NaN,NaN
Statewide Unallocated,OH,3/28/20,0,0,0,NaN,NaN
Statewide Unallocated,OH,3/29/20,0,0,0,NaN,NaN
Statewide Unallocated,OH,3/3/20,0,0,0,NaN,NaN
Statewide Unallocated,OH,3/30/20,0,0,0,NaN,NaN
Statewide Unallocated,OH,3/31/20,0,0,0,NaN,NaN
Statewide Unallocated,OH,3/4/20,0,0,0,NaN,NaN
Statewide Unallocated,OH,3/5/20,0,0,0,NaN,NaN
Statewide Unallocated,OH,3/6/20,0,0,0,NaN,NaN
Statewide Unallocated,OH,3/7/20,0,0,0,NaN,NaN
Statewide Unallocated,OH,3/8/20,0,0,0,NaN,NaN
Statewide Unallocated,OH,3/9/20,0,0,0,NaN,NaN
Statewide Unallocated,OH,4/1/20,0,0,0,NaN,NaN
Statewide Unallocated,OH,4/10/20,0,0,0,NaN,NaN
Statewide Unallocated,OH,4/11/20,0,0,0,NaN,NaN
Statewide Unallocated,OH,4/12/20,0,0,0,NaN,NaN
Statewide Unallocated,OH,4/13/20,0,0,0,NaN,NaN
Statewide Unallocated,OH,4/14/20,0,0,0,NaN,NaN
Statewide Unallocated,OH,4/15/20,0,0,0,NaN,NaN
Statewide Unallocated,OH,4/16/20,0,0,0,NaN,NaN
Statewide Unallocated,OH,4/17/20,0,0,0,NaN,NaN
Statewide Unallocated,OH,4/18/20,0,0,0,NaN,NaN
Statewide Unallocated,OH,4/19/20,0,0,0,NaN,NaN
Statewide Unallocated,OH,4/2/20,0,0,0,NaN,NaN
Statewide Unallocated,OH,4/20/20,0,0,0,NaN,NaN
Statewide Unallocated,OH,4/21/20,0,0,0,NaN,NaN
Statewide Unallocated,OH,4/22/20,0,0,0,NaN,NaN
Statewide Unallocated,OH,4/23/20,0,0,0,NaN,NaN
Statewide Unallocated,OH,4/24/20,0,0,0,NaN,NaN
Statewide Unallocated,OH,4/25/20,0,0,0,NaN,NaN
Statewide Unallocated,OH,4/26/20,0,0,0,NaN,NaN
Statewide Unallocated,OH,4/27/20,0,0,0,NaN,NaN
Statewide Unallocated,OH,4/28/20,0,0,0,NaN,NaN
Statewide Unallocated,OH,4/29/20,0,0,0,NaN,NaN
Statewide Unallocated,OH,4/3/20,0,0,0,NaN,NaN
Statewide Unallocated,OH,4/30/20,0,0,0,NaN,NaN
Statewide Unallocated,OH,4/4/20,0,0,0,NaN,NaN
Statewide Unallocated,OH,4/5/20,0,0,0,NaN,NaN
Statewide Unallocated,OH,4/6/20,0,0,0,NaN,NaN
Statewide Unallocated,OH,4/7/20,0,0,0,NaN,NaN
Statewide Unallocated,OH,4/8/20,0,0,0,NaN,NaN
Statewide Unallocated,OH,4/9/20,0,0,0,NaN,NaN
Statewide Unallocated,OH,5/1/20,0,0,0,NaN,NaN
Statewide Unallocated,OH,5/10/20,0,0,0,NaN,NaN
Statewide Unallocated,OH,5/11/20,0,0,0,NaN,NaN
Statewide Unallocated,OH,5/12/20,0,0,0,NaN,NaN
Statewide Unallocated,OH,5/13/20,0,0,0,NaN,NaN
Statewide Unallocated,OH,5/14/20,0,0,0,NaN,NaN
Statewide Unallocated,OH,5/15/20,0,0,0,NaN,NaN
Statewide Unallocated,OH,5/16/20,0,0,0,NaN,NaN
Statewide Unallocated,OH,5/17/20,0,0,0,NaN,NaN
Statewide Unallocated,OH,5/18/20,0,0,0,NaN,NaN
Statewide Unallocated,OH,5/19/20,0,0,0,NaN,NaN
Statewide Unallocated,OH,5/2/20,0,0,0,NaN,NaN
Statewide Unallocated,OH,5/20/20,0,0,0,NaN,NaN
Statewide Unallocated,OH,5/21/20,0,0,0,NaN,NaN
Statewide Unallocated,OH,5/22/20,0,0,0,NaN,NaN
Statewide Unallocated,OH,5/23/20,0,0,0,NaN,NaN
Statewide Unallocated,OH,5/24/20,0,0,0,NaN,NaN
Statewide Unallocated,OH,5/25/20,0,0,0,NaN,NaN
Statewide Unallocated,OH,5/26/20,0,0,0,NaN,NaN
Statewide Unallocated,OH,5/27/20,0,0,0,NaN,NaN
Statewide Unallocated,OH,5/28/20,0,0,0,NaN,NaN
Statewide Unallocated,OH,5/29/20,0,0,0,NaN,NaN
Statewide Unallocated,OH,5/3/20,0,0,0,NaN,NaN
Statewide Unallocated,OH,5/30/20,1,0,0,Inf,NaN
Statewide Unallocated,OH,5/31/20,1,0,0,Inf,NaN
Statewide Unallocated,OH,5/4/20,0,0,0,NaN,NaN
Statewide Unallocated,OH,5/5/20,0,0,0,NaN,NaN
Statewide Unallocated,OH,5/6/20,0,0,0,NaN,NaN
Statewide Unallocated,OH,5/7/20,0,0,0,NaN,NaN
Statewide Unallocated,OH,5/8/20,0,0,0,NaN,NaN
Statewide Unallocated,OH,5/9/20,0,0,0,NaN,NaN
Statewide Unallocated,OH,6/1/20,1,0,0,Inf,NaN
Statewide Unallocated,OH,6/10/20,1,0,0,Inf,NaN
Statewide Unallocated,OH,6/11/20,1,0,0,Inf,NaN
Statewide Unallocated,OH,6/12/20,1,0,0,Inf,NaN
Statewide Unallocated,OH,6/13/20,1,0,0,Inf,NaN
Statewide Unallocated,OH,6/14/20,1,0,0,Inf,NaN
Statewide Unallocated,OH,6/15/20,1,0,0,Inf,NaN
Statewide Unallocated,OH,6/16/20,1,0,0,Inf,NaN
Statewide Unallocated,OH,6/17/20,1,0,0,Inf,NaN
Statewide Unallocated,OH,6/18/20,1,0,0,Inf,NaN
Statewide Unallocated,OH,6/19/20,1,0,0,Inf,NaN
Statewide Unallocated,OH,6/2/20,1,0,0,Inf,NaN
Statewide Unallocated,OH,6/20/20,1,0,0,Inf,NaN
Statewide Unallocated,OH,6/21/20,1,0,0,Inf,NaN
Statewide Unallocated,OH,6/22/20,1,0,0,Inf,NaN
Statewide Unallocated,OH,6/23/20,1,0,0,Inf,NaN
Statewide Unallocated,OH,6/24/20,1,0,0,Inf,NaN
Statewide Unallocated,OH,6/25/20,1,0,0,Inf,NaN
Statewide Unallocated,OH,6/26/20,1,0,0,Inf,NaN
Statewide Unallocated,OH,6/27/20,1,0,0,Inf,NaN
Statewide Unallocated,OH,6/28/20,1,0,0,Inf,NaN
Statewide Unallocated,OH,6/29/20,1,0,0,Inf,NaN
Statewide Unallocated,OH,6/3/20,1,0,0,Inf,NaN
Statewide Unallocated,OH,6/30/20,1,0,0,Inf,NaN
Statewide Unallocated,OH,6/4/20,1,0,0,Inf,NaN
Statewide Unallocated,OH,6/5/20,1,0,0,Inf,NaN
Statewide Unallocated,OH,6/6/20,1,0,0,Inf,NaN
Statewide Unallocated,OH,6/7/20,1,0,0,Inf,NaN
Statewide Unallocated,OH,6/8/20,1,0,0,Inf,NaN
Statewide Unallocated,OH,6/9/20,1,0,0,Inf,NaN
Statewide Unallocated,OH,7/1/20,1,0,0,Inf,NaN
Statewide Unallocated,OH,7/10/20,1,0,0,Inf,NaN
Statewide Unallocated,OH,7/11/20,1,0,0,Inf,NaN
Statewide Unallocated,OH,7/12/20,1,0,0,Inf,NaN
Statewide Unallocated,OH,7/13/20,1,0,0,Inf,NaN
Statewide Unallocated,OH,7/14/20,1,0,0,Inf,NaN
Statewide Unallocated,OH,7/15/20,1,0,0,Inf,NaN
Statewide Unallocated,OH,7/16/20,1,0,0,Inf,NaN
Statewide Unallocated,OH,7/17/20,1,0,0,Inf,NaN
Statewide Unallocated,OH,7/18/20,1,0,0,Inf,NaN
Statewide Unallocated,OH,7/19/20,1,0,0,Inf,NaN
Statewide Unallocated,OH,7/2/20,1,0,0,Inf,NaN
Statewide Unallocated,OH,7/20/20,1,0,0,Inf,NaN
Statewide Unallocated,OH,7/21/20,1,0,0,Inf,NaN
Statewide Unallocated,OH,7/22/20,1,0,0,Inf,NaN
Statewide Unallocated,OH,7/23/20,1,0,0,Inf,NaN
Statewide Unallocated,OH,7/24/20,1,0,0,Inf,NaN
Statewide Unallocated,OH,7/25/20,1,0,0,Inf,NaN
Statewide Unallocated,OH,7/26/20,1,0,0,Inf,NaN
Statewide Unallocated,OH,7/27/20,1,0,0,Inf,NaN
Statewide Unallocated,OH,7/28/20,1,0,0,Inf,NaN
Statewide Unallocated,OH,7/29/20,1,0,0,Inf,NaN
Statewide Unallocated,OH,7/3/20,1,0,0,Inf,NaN
Statewide Unallocated,OH,7/30/20,1,0,0,Inf,NaN
Statewide Unallocated,OH,7/31/20,1,0,0,Inf,NaN
Statewide Unallocated,OH,7/4/20,1,0,0,Inf,NaN
Statewide Unallocated,OH,7/5/20,1,0,0,Inf,NaN
Statewide Unallocated,OH,7/6/20,1,0,0,Inf,NaN
Statewide Unallocated,OH,7/7/20,1,0,0,Inf,NaN
Statewide Unallocated,OH,7/8/20,1,0,0,Inf,NaN
Statewide Unallocated,OH,7/9/20,1,0,0,Inf,NaN
Statewide Unallocated,OH,8/1/20,1,0,0,Inf,NaN
Statewide Unallocated,OH,8/2/20,1,0,0,Inf,NaN
Statewide Unallocated,OH,8/3/20,1,0,0,Inf,NaN
Statewide Unallocated,OH,8/4/20,1,0,0,Inf,NaN
Statewide Unallocated,OH,8/5/20,1,0,0,Inf,NaN
Statewide Unallocated,OH,8/6/20,1,0,0,Inf,NaN
Statewide Unallocated,WI,1/22/20,0,0,0,NaN,NaN
Statewide Unallocated,WI,1/23/20,0,0,0,NaN,NaN
Statewide Unallocated,WI,1/24/20,0,0,0,NaN,NaN
Statewide Unallocated,WI,1/25/20,0,0,0,NaN,NaN
Statewide Unallocated,WI,1/26/20,0,0,0,NaN,NaN
Statewide Unallocated,WI,1/27/20,0,0,0,NaN,NaN
Statewide Unallocated,WI,1/28/20,0,0,0,NaN,NaN
Statewide Unallocated,WI,1/29/20,0,0,0,NaN,NaN
Statewide Unallocated,WI,1/30/20,0,0,0,NaN,NaN
Statewide Unallocated,WI,1/31/20,0,0,0,NaN,NaN
Statewide Unallocated,WI,2/1/20,0,0,0,NaN,NaN
Statewide Unallocated,WI,2/10/20,0,0,0,NaN,NaN
Statewide Unallocated,WI,2/11/20,0,0,0,NaN,NaN
Statewide Unallocated,WI,2/12/20,0,0,0,NaN,NaN
Statewide Unallocated,WI,2/13/20,0,0,0,NaN,NaN
Statewide Unallocated,WI,2/14/20,0,0,0,NaN,NaN
Statewide Unallocated,WI,2/15/20,0,0,0,NaN,NaN
Statewide Unallocated,WI,2/16/20,0,0,0,NaN,NaN
Statewide Unallocated,WI,2/17/20,0,0,0,NaN,NaN
Statewide Unallocated,WI,2/18/20,0,0,0,NaN,NaN
Statewide Unallocated,WI,2/19/20,0,0,0,NaN,NaN
Statewide Unallocated,WI,2/2/20,0,0,0,NaN,NaN
Statewide Unallocated,WI,2/20/20,0,0,0,NaN,NaN
Statewide Unallocated,WI,2/21/20,0,0,0,NaN,NaN
Statewide Unallocated,WI,2/22/20,0,0,0,NaN,NaN
Statewide Unallocated,WI,2/23/20,0,0,0,NaN,NaN
Statewide Unallocated,WI,2/24/20,0,0,0,NaN,NaN
Statewide Unallocated,WI,2/25/20,0,0,0,NaN,NaN
Statewide Unallocated,WI,2/26/20,0,0,0,NaN,NaN
Statewide Unallocated,WI,2/27/20,0,0,0,NaN,NaN
Statewide Unallocated,WI,2/28/20,0,0,0,NaN,NaN
Statewide Unallocated,WI,2/29/20,0,0,0,NaN,NaN
Statewide Unallocated,WI,2/3/20,0,0,0,NaN,NaN
Statewide Unallocated,WI,2/4/20,0,0,0,NaN,NaN
Statewide Unallocated,WI,2/5/20,0,0,0,NaN,NaN
Statewide Unallocated,WI,2/6/20,0,0,0,NaN,NaN
Statewide Unallocated,WI,2/7/20,0,0,0,NaN,NaN
Statewide Unallocated,WI,2/8/20,0,0,0,NaN,NaN
Statewide Unallocated,WI,2/9/20,0,0,0,NaN,NaN
Statewide Unallocated,WI,3/1/20,0,0,0,NaN,NaN
Statewide Unallocated,WI,3/10/20,0,0,0,NaN,NaN
Statewide Unallocated,WI,3/11/20,0,0,0,NaN,NaN
Statewide Unallocated,WI,3/12/20,0,0,0,NaN,NaN
Statewide Unallocated,WI,3/13/20,0,0,0,NaN,NaN
Statewide Unallocated,WI,3/14/20,0,0,0,NaN,NaN
Statewide Unallocated,WI,3/15/20,0,0,0,NaN,NaN
Statewide Unallocated,WI,3/16/20,0,0,0,NaN,NaN
Statewide Unallocated,WI,3/17/20,0,0,0,NaN,NaN
Statewide Unallocated,WI,3/18/20,0,0,0,NaN,NaN
Statewide Unallocated,WI,3/19/20,0,0,0,NaN,NaN
Statewide Unallocated,WI,3/2/20,0,0,0,NaN,NaN
Statewide Unallocated,WI,3/20/20,0,0,0,NaN,NaN
Statewide Unallocated,WI,3/21/20,0,0,0,NaN,NaN
Statewide Unallocated,WI,3/22/20,0,0,0,NaN,NaN
Statewide Unallocated,WI,3/23/20,0,0,0,NaN,NaN
Statewide Unallocated,WI,3/24/20,0,0,0,NaN,NaN
Statewide Unallocated,WI,3/25/20,0,0,0,NaN,NaN
Statewide Unallocated,WI,3/26/20,1,0,0,Inf,NaN
Statewide Unallocated,WI,3/27/20,0,0,0,NaN,NaN
Statewide Unallocated,WI,3/28/20,0,0,0,NaN,NaN
Statewide Unallocated,WI,3/29/20,0,0,0,NaN,NaN
Statewide Unallocated,WI,3/3/20,0,0,0,NaN,NaN
Statewide Unallocated,WI,3/30/20,0,0,0,NaN,NaN
Statewide Unallocated,WI,3/31/20,0,0,0,NaN,NaN
Statewide Unallocated,WI,3/4/20,0,0,0,NaN,NaN
Statewide Unallocated,WI,3/5/20,0,0,0,NaN,NaN
Statewide Unallocated,WI,3/6/20,0,0,0,NaN,NaN
Statewide Unallocated,WI,3/7/20,0,0,0,NaN,NaN
Statewide Unallocated,WI,3/8/20,0,0,0,NaN,NaN
Statewide Unallocated,WI,3/9/20,0,0,0,NaN,NaN
Statewide Unallocated,WI,4/1/20,0,0,0,NaN,NaN
Statewide Unallocated,WI,4/10/20,0,0,0,NaN,NaN
Statewide Unallocated,WI,4/11/20,0,0,0,NaN,NaN
Statewide Unallocated,WI,4/12/20,0,0,0,NaN,NaN
Statewide Unallocated,WI,4/13/20,0,0,0,NaN,NaN
Statewide Unallocated,WI,4/14/20,0,0,0,NaN,NaN
Statewide Unallocated,WI,4/15/20,0,0,0,NaN,NaN
Statewide Unallocated,WI,4/16/20,0,0,0,NaN,NaN
Statewide Unallocated,WI,4/17/20,0,0,0,NaN,NaN
Statewide Unallocated,WI,4/18/20,0,0,0,NaN,NaN
Statewide Unallocated,WI,4/19/20,0,0,0,NaN,NaN
Statewide Unallocated,WI,4/2/20,0,0,0,NaN,NaN
Statewide Unallocated,WI,4/20/20,0,0,0,NaN,NaN
Statewide Unallocated,WI,4/21/20,0,0,0,NaN,NaN
Statewide Unallocated,WI,4/22/20,0,0,0,NaN,NaN
Statewide Unallocated,WI,4/23/20,0,0,0,NaN,NaN
Statewide Unallocated,WI,4/24/20,0,0,0,NaN,NaN
Statewide Unallocated,WI,4/25/20,0,0,0,NaN,NaN
Statewide Unallocated,WI,4/26/20,0,0,0,NaN,NaN
Statewide Unallocated,WI,4/27/20,0,0,0,NaN,NaN
Statewide Unallocated,WI,4/28/20,0,0,0,NaN,NaN
Statewide Unallocated,WI,4/29/20,0,0,0,NaN,NaN
Statewide Unallocated,WI,4/3/20,0,0,0,NaN,NaN
Statewide Unallocated,WI,4/30/20,0,0,0,NaN,NaN
Statewide Unallocated,WI,4/4/20,0,0,0,NaN,NaN
Statewide Unallocated,WI,4/5/20,0,0,0,NaN,NaN
Statewide Unallocated,WI,4/6/20,0,0,0,NaN,NaN
Statewide Unallocated,WI,4/7/20,0,0,0,NaN,NaN
Statewide Unallocated,WI,4/8/20,0,0,0,NaN,NaN
Statewide Unallocated,WI,4/9/20,0,0,0,NaN,NaN
Statewide Unallocated,WI,5/1/20,0,0,0,NaN,NaN
Statewide Unallocated,WI,5/10/20,0,0,0,NaN,NaN
Statewide Unallocated,WI,5/11/20,0,0,0,NaN,NaN
Statewide Unallocated,WI,5/12/20,0,0,0,NaN,NaN
Statewide Unallocated,WI,5/13/20,0,0,0,NaN,NaN
Statewide Unallocated,WI,5/14/20,0,0,0,NaN,NaN
Statewide Unallocated,WI,5/15/20,0,0,0,NaN,NaN
Statewide Unallocated,WI,5/16/20,0,0,0,NaN,NaN
Statewide Unallocated,WI,5/17/20,0,0,0,NaN,NaN
Statewide Unallocated,WI,5/18/20,0,0,0,NaN,NaN
Statewide Unallocated,WI,5/19/20,0,0,0,NaN,NaN
Statewide Unallocated,WI,5/2/20,0,0,0,NaN,NaN
Statewide Unallocated,WI,5/20/20,0,0,0,NaN,NaN
Statewide Unallocated,WI,5/21/20,0,0,0,NaN,NaN
Statewide Unallocated,WI,5/22/20,0,0,0,NaN,NaN
Statewide Unallocated,WI,5/23/20,0,0,0,NaN,NaN
Statewide Unallocated,WI,5/24/20,0,0,0,NaN,NaN
Statewide Unallocated,WI,5/25/20,0,0,0,NaN,NaN
Statewide Unallocated,WI,5/26/20,0,0,0,NaN,NaN
Statewide Unallocated,WI,5/27/20,0,0,0,NaN,NaN
Statewide Unallocated,WI,5/28/20,0,0,0,NaN,NaN
Statewide Unallocated,WI,5/29/20,0,0,0,NaN,NaN
Statewide Unallocated,WI,5/3/20,0,0,0,NaN,NaN
Statewide Unallocated,WI,5/30/20,0,0,0,NaN,NaN
Statewide Unallocated,WI,5/31/20,0,0,0,NaN,NaN
Statewide Unallocated,WI,5/4/20,0,0,0,NaN,NaN
Statewide Unallocated,WI,5/5/20,0,0,0,NaN,NaN
Statewide Unallocated,WI,5/6/20,0,0,0,NaN,NaN
Statewide Unallocated,WI,5/7/20,0,0,0,NaN,NaN
Statewide Unallocated,WI,5/8/20,0,0,0,NaN,NaN
Statewide Unallocated,WI,5/9/20,0,0,0,NaN,NaN
Statewide Unallocated,WI,6/1/20,0,0,0,NaN,NaN
Statewide Unallocated,WI,6/10/20,0,0,0,NaN,NaN
Statewide Unallocated,WI,6/11/20,0,0,0,NaN,NaN
Statewide Unallocated,WI,6/12/20,0,0,0,NaN,NaN
Statewide Unallocated,WI,6/13/20,0,0,0,NaN,NaN
Statewide Unallocated,WI,6/14/20,0,0,0,NaN,NaN
Statewide Unallocated,WI,6/15/20,0,0,0,NaN,NaN
Statewide Unallocated,WI,6/16/20,0,0,0,NaN,NaN
Statewide Unallocated,WI,6/17/20,0,0,0,NaN,NaN
Statewide Unallocated,WI,6/18/20,0,0,0,NaN,NaN
Statewide Unallocated,WI,6/19/20,0,0,0,NaN,NaN
Statewide Unallocated,WI,6/2/20,0,0,0,NaN,NaN
Statewide Unallocated,WI,6/20/20,0,0,0,NaN,NaN
Statewide Unallocated,WI,6/21/20,0,0,0,NaN,NaN
Statewide Unallocated,WI,6/22/20,0,0,0,NaN,NaN
Statewide Unallocated,WI,6/23/20,0,0,0,NaN,NaN
Statewide Unallocated,WI,6/24/20,0,0,0,NaN,NaN
Statewide Unallocated,WI,6/25/20,0,0,0,NaN,NaN
Statewide Unallocated,WI,6/26/20,0,0,0,NaN,NaN
Statewide Unallocated,WI,6/27/20,0,0,0,NaN,NaN
Statewide Unallocated,WI,6/28/20,0,0,0,NaN,NaN
Statewide Unallocated,WI,6/29/20,0,0,0,NaN,NaN
Statewide Unallocated,WI,6/3/20,0,0,0,NaN,NaN
Statewide Unallocated,WI,6/30/20,0,0,0,NaN,NaN
Statewide Unallocated,WI,6/4/20,0,0,0,NaN,NaN
Statewide Unallocated,WI,6/5/20,0,0,0,NaN,NaN
Statewide Unallocated,WI,6/6/20,0,0,0,NaN,NaN
Statewide Unallocated,WI,6/7/20,0,0,0,NaN,NaN
Statewide Unallocated,WI,6/8/20,0,0,0,NaN,NaN
Statewide Unallocated,WI,6/9/20,0,0,0,NaN,NaN
Statewide Unallocated,WI,7/1/20,0,0,0,NaN,NaN
Statewide Unallocated,WI,7/10/20,0,0,0,NaN,NaN
Statewide Unallocated,WI,7/11/20,0,0,0,NaN,NaN
Statewide Unallocated,WI,7/12/20,0,0,0,NaN,NaN
Statewide Unallocated,WI,7/13/20,0,0,0,NaN,NaN
Statewide Unallocated,WI,7/14/20,0,0,0,NaN,NaN
Statewide Unallocated,WI,7/15/20,0,0,0,NaN,NaN
Statewide Unallocated,WI,7/16/20,0,0,0,NaN,NaN
Statewide Unallocated,WI,7/17/20,0,0,0,NaN,NaN
Statewide Unallocated,WI,7/18/20,0,0,0,NaN,NaN
Statewide Unallocated,WI,7/19/20,0,0,0,NaN,NaN
Statewide Unallocated,WI,7/2/20,0,0,0,NaN,NaN
Statewide Unallocated,WI,7/20/20,0,0,0,NaN,NaN
Statewide Unallocated,WI,7/21/20,0,0,0,NaN,NaN
Statewide Unallocated,WI,7/22/20,0,0,0,NaN,NaN
Statewide Unallocated,WI,7/23/20,0,0,0,NaN,NaN
Statewide Unallocated,WI,7/24/20,0,0,0,NaN,NaN
Statewide Unallocated,WI,7/25/20,0,0,0,NaN,NaN
Statewide Unallocated,WI,7/26/20,0,0,0,NaN,NaN
Statewide Unallocated,WI,7/27/20,0,0,0,NaN,NaN
Statewide Unallocated,WI,7/28/20,0,0,0,NaN,NaN
Statewide Unallocated,WI,7/29/20,0,0,0,NaN,NaN
Statewide Unallocated,WI,7/3/20,0,0,0,NaN,NaN
Statewide Unallocated,WI,7/30/20,0,0,0,NaN,NaN
Statewide Unallocated,WI,7/31/20,0,0,0,NaN,NaN
Statewide Unallocated,WI,7/4/20,0,0,0,NaN,NaN
Statewide Unallocated,WI,7/5/20,0,0,0,NaN,NaN
Statewide Unallocated,WI,7/6/20,0,0,0,NaN,NaN
Statewide Unallocated,WI,7/7/20,0,0,0,NaN,NaN
Statewide Unallocated,WI,7/8/20,0,0,0,NaN,NaN
Statewide Unallocated,WI,7/9/20,0,0,0,NaN,NaN
Statewide Unallocated,WI,8/1/20,0,0,0,NaN,NaN
Statewide Unallocated,WI,8/2/20,0,0,0,NaN,NaN
Statewide Unallocated,WI,8/3/20,0,0,0,NaN,NaN
Statewide Unallocated,WI,8/4/20,0,0,0,NaN,NaN
Statewide Unallocated,WI,8/5/20,0,0,0,NaN,NaN
Statewide Unallocated,WI,8/6/20,0,0,0,NaN,NaN
